sample size, kernel, C, gamma, fit time, train time, test time, train mse, test mse, train mae, test mae, accuracy, precision, recall
50,1,1,0.1,0.001547098,0.000253201,0.000124931,0.025,0.3,0.025,0.3,0.975,1,0.75
50,1,1,0.01,0.000863075,0.00019908,0.000107765,0.025,0.3,0.025,0.3,0.975,1,0.75
50,1,1,0.001,0.000961065,0.000412941,0.000338793,0.025,0.3,0.025,0.3,0.975,1,0.75
50,1,1,0.0001,0.000869274,0.000237942,0.00015521,0.025,0.3,0.025,0.3,0.975,1,0.75
50,1,2,0.1,0.00072813,0.000252962,0.000138998,0.025,0.3,0.025,0.3,0.975,1,0.75
50,1,2,0.01,0.001262903,0.000402212,0.000194073,0.025,0.3,0.025,0.3,0.975,1,0.75
50,1,2,0.001,0.001255989,0.000269175,0.000143766,0.025,0.3,0.025,0.3,0.975,1,0.75
50,1,2,0.0001,0.001159906,0.000282764,0.000124931,0.025,0.3,0.025,0.3,0.975,1,0.75
50,1,4,0.1,0.000715971,0.000190973,0.000104904,0.025,0.3,0.025,0.3,0.975,1,0.75
50,1,4,0.01,0.000778913,0.000213146,0.000228882,0.025,0.3,0.025,0.3,0.975,1,0.75
50,1,4,0.001,0.001183987,0.000350952,0.000259161,0.025,0.3,0.025,0.3,0.975,1,0.75
50,1,4,0.0001,0.000808954,0.000257969,0.000152826,0.025,0.3,0.025,0.3,0.975,1,0.75
50,1,8,0.1,0.000905991,0.000135899,6.70E-05,0,0.5,0,0.5,1,1,1
50,1,8,0.01,0.000756025,0.000159979,0.000101089,0,0.5,0,0.5,1,1,1
50,1,8,0.001,0.001025915,0.000205994,0.000128031,0,0.5,0,0.5,1,1,1
50,1,8,0.0001,0.000802994,0.000192165,0.000124931,0,0.5,0,0.5,1,1,1
50,1,16,0.1,0.00106883,0.000972033,0.000496864,0,0.5,0,0.5,1,1,1
50,1,16,0.01,0.002864838,0.000254869,0.000117064,0,0.5,0,0.5,1,1,1
50,1,16,0.001,0.000830173,0.000165224,0.000106096,0,0.5,0,0.5,1,1,1
50,1,16,0.0001,0.000953197,0.000184774,0.000116825,0,0.5,0,0.5,1,1,1
50,2,1,0.1,0.000586987,0.00019908,0.000174999,0.075,0.2,0.075,0.2,0.925,1,0.25
50,2,1,0.01,0.001210928,0.000240803,0.000113964,0.1,0.2,0.1,0.2,0.9,0,0
50,2,1,0.001,0.000342846,0.000155926,0.00011301,0.1,0.2,0.1,0.2,0.9,0,0
50,2,1,0.0001,0.000320911,0.000102758,6.29E-05,0.1,0.2,0.1,0.2,0.9,0,0
50,2,2,0.1,0.000501871,0.0001297,6.82E-05,0.025,0.2,0.025,0.2,0.975,1,0.75
50,2,2,0.01,0.001347065,0.000301838,0.000174046,0.1,0.2,0.1,0.2,0.9,0,0
50,2,2,0.001,0.000649214,0.000188112,7.99E-05,0.1,0.2,0.1,0.2,0.9,0,0
50,2,2,0.0001,0.000317335,0.000103951,0.000103951,0.1,0.2,0.1,0.2,0.9,0,0
50,2,4,0.1,0.000673771,0.000145197,6.99E-05,0.025,0.2,0.025,0.2,0.975,1,0.75
50,2,4,0.01,0.000345945,0.000108004,6.39E-05,0.1,0.2,0.1,0.2,0.9,0,0
50,2,4,0.001,0.000432968,0.00012207,7.61E-05,0.1,0.2,0.1,0.2,0.9,0,0
50,2,4,0.0001,0.001285076,0.000181913,9.99E-05,0.1,0.2,0.1,0.2,0.9,0,0
50,2,8,0.1,0.000374079,0.000187159,0.000129938,0,0.2,0,0.2,1,1,1
50,2,8,0.01,0.000342131,0.00010705,6.39E-05,0.075,0.2,0.075,0.2,0.925,1,0.25
50,2,8,0.001,0.000902891,0.000277996,0.000197887,0.1,0.2,0.1,0.2,0.9,0,0
50,2,8,0.0001,0.000566006,0.000202179,0.000114918,0.1,0.2,0.1,0.2,0.9,0,0
50,2,16,0.1,0.000682831,0.000210762,0.000108957,0,0.2,0,0.2,1,1,1
50,2,16,0.01,0.000616074,0.000186205,0.000111103,0.025,0.2,0.025,0.2,0.975,1,0.75
50,2,16,0.001,0.001006842,0.000267029,0.000157356,0.1,0.2,0.1,0.2,0.9,0,0
50,2,16,0.0001,0.002228022,0.000273705,0.000163078,0.1,0.2,0.1,0.2,0.9,0,0
50,3,1,0.1,0.00069499,0.000302076,0.00056982,0.025,0.2,0.025,0.2,0.975,1,0.75
50,3,1,0.01,0.000582933,0.000181913,0.000102282,0.1,0.2,0.1,0.2,0.9,0,0
50,3,1,0.001,0.000556707,0.000183105,0.000110149,0.1,0.2,0.1,0.2,0.9,0,0
50,3,1,0.0001,0.000560999,0.00051403,0.000227213,0.1,0.2,0.1,0.2,0.9,0,0
50,3,2,0.1,0.001137018,0.000211954,0.000113249,0.025,0.2,0.025,0.2,0.975,1,0.75
50,3,2,0.01,0.00076437,0.000198841,0.000135899,0.1,0.2,0.1,0.2,0.9,0,0
50,3,2,0.001,0.000549078,0.000190973,0.000109196,0.1,0.2,0.1,0.2,0.9,0,0
50,3,2,0.0001,0.000747919,0.000180006,0.000102997,0.1,0.2,0.1,0.2,0.9,0,0
50,3,4,0.1,0.000990152,0.000218868,0.000141144,0.025,0.2,0.025,0.2,0.975,1,0.75
50,3,4,0.01,0.000736952,0.000268221,0.000201941,0.1,0.2,0.1,0.2,0.9,0,0
50,3,4,0.001,0.000710964,0.000250101,0.000169992,0.1,0.2,0.1,0.2,0.9,0,0
50,3,4,0.0001,0.000654936,0.000162125,9.01E-05,0.1,0.2,0.1,0.2,0.9,0,0
50,3,8,0.1,0.000840902,0.000339031,0.000209093,0.025,0.2,0.025,0.2,0.975,1,0.75
50,3,8,0.01,0.000936747,0.000208139,0.000124931,0.1,0.2,0.1,0.2,0.9,0,0
50,3,8,0.001,0.000936031,0.000200272,0.000136137,0.1,0.2,0.1,0.2,0.9,0,0
50,3,8,0.0001,0.001293182,0.000226974,0.00013876,0.1,0.2,0.1,0.2,0.9,0,0
50,3,16,0.1,0.0009799,0.00028491,0.000124931,0,0.2,0,0.2,1,1,1
50,3,16,0.01,0.000540257,0.000173807,0.000103235,0.1,0.2,0.1,0.2,0.9,0,0
50,3,16,0.001,0.000552893,0.00017786,0.000104904,0.1,0.2,0.1,0.2,0.9,0,0
50,3,16,0.0001,0.000660896,0.00018096,0.000102043,0.1,0.2,0.1,0.2,0.9,0,0
100,1,1,0.1,0.000812769,0.000203848,0.000105858,0.05,0.15,0.05,0.15,0.95,0.923076923,0.8
100,1,1,0.01,0.000641108,0.000146866,7.18E-05,0.05,0.15,0.05,0.15,0.95,0.923076923,0.8
100,1,1,0.001,0.000899076,0.000358105,0.000224113,0.05,0.15,0.05,0.15,0.95,0.923076923,0.8
100,1,1,0.0001,0.000960112,0.000213146,8.08E-05,0.05,0.15,0.05,0.15,0.95,0.923076923,0.8
100,1,2,0.1,0.001718998,0.000247955,9.18E-05,0.0375,0.15,0.0375,0.15,0.9625,0.928571429,0.866666667
100,1,2,0.01,0.00114584,0.000138044,7.08E-05,0.0375,0.15,0.0375,0.15,0.9625,0.928571429,0.866666667
100,1,2,0.001,0.001364231,0.00015974,7.22E-05,0.0375,0.15,0.0375,0.15,0.9625,0.928571429,0.866666667
100,1,2,0.0001,0.001296043,0.000165701,8.30E-05,0.0375,0.15,0.0375,0.15,0.9625,0.928571429,0.866666667
100,1,4,0.1,0.000692129,0.000132084,6.99E-05,0.0375,0.15,0.0375,0.15,0.9625,0.928571429,0.866666667
100,1,4,0.01,0.000664949,0.000133991,7.01E-05,0.0375,0.15,0.0375,0.15,0.9625,0.928571429,0.866666667
100,1,4,0.001,0.000687122,0.000144243,7.89E-05,0.0375,0.15,0.0375,0.15,0.9625,0.928571429,0.866666667
100,1,4,0.0001,0.000701189,0.000132799,7.10E-05,0.0375,0.15,0.0375,0.15,0.9625,0.928571429,0.866666667
100,1,8,0.1,0.000977755,0.000165939,0.001182079,0.05,0.15,0.05,0.15,0.95,0.866666667,0.866666667
100,1,8,0.01,0.001764059,0.000324965,0.000130892,0.05,0.15,0.05,0.15,0.95,0.866666667,0.866666667
100,1,8,0.001,0.001599073,0.000206947,0.000105143,0.05,0.15,0.05,0.15,0.95,0.866666667,0.866666667
100,1,8,0.0001,0.001369953,0.000247002,0.000128031,0.05,0.15,0.05,0.15,0.95,0.866666667,0.866666667
100,1,16,0.1,0.001477957,0.000151157,7.99E-05,0.0375,0.15,0.0375,0.15,0.9625,0.928571429,0.866666667
100,1,16,0.01,0.001486778,0.000149012,7.30E-05,0.0375,0.15,0.0375,0.15,0.9625,0.928571429,0.866666667
100,1,16,0.001,0.001757145,0.000747919,0.000188828,0.0375,0.15,0.0375,0.15,0.9625,0.928571429,0.866666667
100,1,16,0.0001,0.003026962,0.000357866,0.000164747,0.0375,0.15,0.0375,0.15,0.9625,0.928571429,0.866666667
100,2,1,0.1,0.001014233,0.000413895,0.000255108,0.0625,0.1,0.0625,0.1,0.9375,1,0.666666667
100,2,1,0.01,0.000719786,0.000316858,0.000168324,0.15,0.05,0.15,0.05,0.85,1,0.2
100,2,1,0.001,0.001291037,0.000404835,0.000205994,0.1875,0.1,0.1875,0.1,0.8125,0,0
100,2,1,0.0001,0.000833035,0.000365019,0.000166893,0.1875,0.1,0.1875,0.1,0.8125,0,0
100,2,2,0.1,0.001612663,0.000383139,0.000209093,0.025,0.1,0.025,0.1,0.975,1,0.866666667
100,2,2,0.01,0.000998974,0.000452042,0.000173807,0.1375,0.05,0.1375,0.05,0.8625,0.833333333,0.333333333
100,2,2,0.001,0.001345158,0.000364065,0.000236034,0.1875,0.1,0.1875,0.1,0.8125,0,0
100,2,2,0.0001,0.000905037,0.000358105,0.000139713,0.1875,0.1,0.1875,0.1,0.8125,0,0
100,2,4,0.1,0.003985882,0.004304886,0.000786781,0.025,0.1,0.025,0.1,0.975,0.933333333,0.933333333
100,2,4,0.01,0.000733852,0.00030899,0.000169992,0.1,0.05,0.1,0.05,0.9,0.888888889,0.533333333
100,2,4,0.001,0.00130105,0.000363111,0.000187874,0.1875,0.1,0.1875,0.1,0.8125,0,0
100,2,4,0.0001,0.000991583,0.00037241,0.000188112,0.1875,0.1,0.1875,0.1,0.8125,0,0
100,2,8,0.1,0.00130105,0.000396013,0.000184059,0.0125,0.1,0.0125,0.1,0.9875,0.9375,1
100,2,8,0.01,0.000788927,0.000319004,0.000167131,0.0625,0.05,0.0625,0.05,0.9375,0.916666667,0.733333333
100,2,8,0.001,0.000787973,0.001238823,0.000240326,0.15,0.05,0.15,0.05,0.85,1,0.2
100,2,8,0.0001,0.001202822,0.000500917,0.000309706,0.1875,0.1,0.1875,0.1,0.8125,0,0
100,2,16,0.1,0.000952005,0.000248194,0.00018096,0,0.15,0,0.15,1,1,1
100,2,16,0.01,0.000720024,0.000190973,8.30E-05,0.05,0.1,0.05,0.1,0.95,0.923076923,0.8
100,2,16,0.001,0.000434875,0.000169039,7.92E-05,0.1375,0.05,0.1375,0.05,0.8625,0.833333333,0.333333333
100,2,16,0.0001,0.000461817,0.000180244,7.99E-05,0.1875,0.1,0.1875,0.1,0.8125,0,0
100,3,1,0.1,0.000459909,0.000164032,7.80E-05,0.05,0.05,0.05,0.05,0.95,1,0.733333333
100,3,1,0.01,0.000406027,0.000162125,7.99E-05,0.1875,0.1,0.1875,0.1,0.8125,0,0
100,3,1,0.001,0.000329018,0.000138998,7.41E-05,0.1875,0.1,0.1875,0.1,0.8125,0,0
100,3,1,0.0001,0.000527859,0.000224113,0.00011611,0.1875,0.1,0.1875,0.1,0.8125,0,0
100,3,2,0.1,0.000487089,0.0001719,8.58E-05,0.0375,0.05,0.0375,0.05,0.9625,1,0.8
100,3,2,0.01,0.000672817,0.000282049,0.000135183,0.1875,0.1,0.1875,0.1,0.8125,0,0
100,3,2,0.001,0.000709057,0.000275135,0.000154734,0.1875,0.1,0.1875,0.1,0.8125,0,0
100,3,2,0.0001,0.000737906,0.000497818,0.000869274,0.1875,0.1,0.1875,0.1,0.8125,0,0
100,3,4,0.1,0.000522137,0.000164986,7.99E-05,0.025,0.05,0.025,0.05,0.975,1,0.866666667
100,3,4,0.01,0.000407219,0.000165224,8.08E-05,0.1875,0.1,0.1875,0.1,0.8125,0,0
100,3,4,0.001,0.000639915,0.00027585,0.000164032,0.1875,0.1,0.1875,0.1,0.8125,0,0
100,3,4,0.0001,0.000586987,0.000258923,0.000145197,0.1875,0.1,0.1875,0.1,0.8125,0,0
100,3,8,0.1,0.000729084,0.000181913,8.99E-05,0.025,0.1,0.025,0.1,0.975,1,0.866666667
100,3,8,0.01,0.000633001,0.000270844,0.000129938,0.175,0.1,0.175,0.1,0.825,1,0.066666667
100,3,8,0.001,0.000377893,0.000283241,8.80E-05,0.1875,0.1,0.1875,0.1,0.8125,0,0
100,3,8,0.0001,0.000366926,0.000147104,7.51E-05,0.1875,0.1,0.1875,0.1,0.8125,0,0
100,3,16,0.1,0.000890017,0.000283718,0.000106812,0,0.25,0,0.25,1,1,1
100,3,16,0.01,0.000823021,0.000739098,0.000210762,0.15,0.1,0.15,0.1,0.85,1,0.2
100,3,16,0.001,0.000738144,0.00028801,0.000240088,0.1875,0.1,0.1875,0.1,0.8125,0,0
100,3,16,0.0001,0.00048399,0.000306129,0.000166893,0.1875,0.1,0.1875,0.1,0.8125,0,0
500,1,1,0.1,0.007379055,0.001608849,0.000699043,0.1,0.09,0.1,0.09,0.9,0.666666667,0.181818182
500,1,1,0.01,0.030166864,0.001762867,0.0014112,0.1,0.09,0.1,0.09,0.9,0.666666667,0.181818182
500,1,1,0.001,0.010802984,0.017812967,0.000566006,0.1,0.09,0.1,0.09,0.9,0.666666667,0.181818182
500,1,1,0.0001,0.007196903,0.000917912,0.000259161,0.1,0.09,0.1,0.09,0.9,0.666666667,0.181818182
500,1,2,0.1,0.005328894,0.00081706,0.000252962,0.1,0.09,0.1,0.09,0.9,0.666666667,0.181818182
500,1,2,0.01,0.005218267,0.000806808,0.000234127,0.1,0.09,0.1,0.09,0.9,0.666666667,0.181818182
500,1,2,0.001,0.006205082,0.001465797,0.001615286,0.1,0.09,0.1,0.09,0.9,0.666666667,0.181818182
500,1,2,0.0001,0.011311769,0.001430035,0.00045681,0.1,0.09,0.1,0.09,0.9,0.666666667,0.181818182
500,1,4,0.1,0.014497757,0.001199245,0.000674725,0.1,0.09,0.1,0.09,0.9,0.666666667,0.181818182
500,1,4,0.01,0.018808842,0.000816107,0.000322819,0.1,0.09,0.1,0.09,0.9,0.666666667,0.181818182
500,1,4,0.001,0.018023968,0.001612902,0.000648975,0.1,0.09,0.1,0.09,0.9,0.666666667,0.181818182
500,1,4,0.0001,0.024376631,0.001527071,0.000718117,0.1,0.09,0.1,0.09,0.9,0.666666667,0.181818182
500,1,8,0.1,0.027905941,0.001349688,0.000559807,0.1,0.09,0.1,0.09,0.9,0.666666667,0.181818182
500,1,8,0.01,0.024751902,0.000818968,0.000244379,0.1,0.09,0.1,0.09,0.9,0.666666667,0.181818182
500,1,8,0.001,0.016241789,0.000870943,0.000441074,0.1,0.09,0.1,0.09,0.9,0.666666667,0.181818182
500,1,8,0.0001,0.020890951,0.001045942,0.000592947,0.1,0.09,0.1,0.09,0.9,0.666666667,0.181818182
500,1,16,0.1,0.042162895,0.001539707,0.00055027,0.1,0.09,0.1,0.09,0.9,0.666666667,0.181818182
500,1,16,0.01,0.04575491,0.001556158,0.000524998,0.1,0.09,0.1,0.09,0.9,0.666666667,0.181818182
500,1,16,0.001,0.044147968,0.001451015,0.001438379,0.1,0.09,0.1,0.09,0.9,0.666666667,0.181818182
500,1,16,0.0001,0.02718401,0.001205921,0.000390291,0.1,0.09,0.1,0.09,0.9,0.666666667,0.181818182
500,2,1,0.1,0.005292177,0.002795935,0.000819921,0.0675,0.09,0.0675,0.09,0.9325,1,0.386363636
500,2,1,0.01,0.003783941,0.002668142,0.000488043,0.11,0.09,0.11,0.09,0.89,0,0
500,2,1,0.001,0.002737999,0.00208497,0.000545979,0.11,0.09,0.11,0.09,0.89,0,0
500,2,1,0.0001,0.002844095,0.001392841,0.000453234,0.11,0.09,0.11,0.09,0.89,0,0
500,2,2,0.1,0.004554987,0.003037214,0.000930071,0.045,0.09,0.045,0.09,0.955,0.964285714,0.613636364
500,2,2,0.01,0.004772902,0.001550913,0.000484228,0.1075,0.09,0.1075,0.09,0.8925,1,0.022727273
500,2,2,0.001,0.003973007,0.002067804,0.000743151,0.11,0.09,0.11,0.09,0.89,0,0
500,2,2,0.0001,0.003160715,0.002101898,0.00065589,0.11,0.09,0.11,0.09,0.89,0,0
500,2,4,0.1,0.005875826,0.003183126,0.001019001,0.0225,0.09,0.0225,0.09,0.9775,1,0.795454545
500,2,4,0.01,0.005464077,0.004181147,0.000754118,0.0925,0.1,0.0925,0.1,0.9075,1,0.159090909
500,2,4,0.001,0.003898144,0.002039671,0.001035929,0.11,0.09,0.11,0.09,0.89,0,0
500,2,4,0.0001,0.003417969,0.002223015,0.000673056,0.11,0.09,0.11,0.09,0.89,0,0
500,2,8,0.1,0.006700039,0.003485918,0.001070738,0.015,0.09,0.015,0.09,0.985,1,0.863636364
500,2,8,0.01,0.004913092,0.002199173,0.000720978,0.08,0.09,0.08,0.09,0.92,1,0.272727273
500,2,8,0.001,0.003921032,0.00202775,0.000709295,0.11,0.09,0.11,0.09,0.89,0,0
500,2,8,0.0001,0.003417015,0.002125978,0.000849724,0.11,0.09,0.11,0.09,0.89,0,0
500,2,16,0.1,0.008341074,0.002968073,0.000869989,0.005,0.12,0.005,0.12,0.995,1,0.954545455
500,2,16,0.01,0.005744934,0.002105236,0.000622749,0.0725,0.09,0.0725,0.09,0.9275,1,0.340909091
500,2,16,0.001,0.005855083,0.003408909,0.001471996,0.11,0.09,0.11,0.09,0.89,0,0
500,2,16,0.0001,0.00332284,0.007297039,0.000829935,0.11,0.09,0.11,0.09,0.89,0,0
500,3,1,0.1,0.007496119,0.001863956,0.000648975,0.0525,0.09,0.0525,0.09,0.9475,1,0.522727273
500,3,1,0.01,0.001732111,0.001183033,0.000541925,0.11,0.09,0.11,0.09,0.89,0,0
500,3,1,0.001,0.001795053,0.001195192,0.000413179,0.11,0.09,0.11,0.09,0.89,0,0
500,3,1,0.0001,0.002157927,0.000847101,0.000404119,0.11,0.09,0.11,0.09,0.89,0,0
500,3,2,0.1,0.003697872,0.001031876,0.000319958,0.0375,0.1,0.0375,0.1,0.9625,1,0.659090909
500,3,2,0.01,0.002856016,0.001159906,0.000353098,0.11,0.09,0.11,0.09,0.89,0,0
500,3,2,0.001,0.001307726,0.000823021,0.000261784,0.11,0.09,0.11,0.09,0.89,0,0
500,3,2,0.0001,0.001939058,0.001394749,0.000594854,0.11,0.09,0.11,0.09,0.89,0,0
500,3,4,0.1,0.005037785,0.001792908,0.000586987,0.025,0.11,0.025,0.11,0.975,1,0.772727273
500,3,4,0.01,0.006673813,0.001717091,0.000353098,0.11,0.09,0.11,0.09,0.89,0,0
500,3,4,0.001,0.003183842,0.003502131,0.000739813,0.11,0.09,0.11,0.09,0.89,0,0
500,3,4,0.0001,0.001238108,0.001574278,0.000533104,0.11,0.09,0.11,0.09,0.89,0,0
500,3,8,0.1,0.027556181,0.002579212,0.000822067,0.02,0.13,0.02,0.13,0.98,1,0.818181818
500,3,8,0.01,0.00487113,0.002177715,0.001151085,0.105,0.09,0.105,0.09,0.895,1,0.045454545
500,3,8,0.001,0.002314806,0.003773212,0.000607252,0.11,0.09,0.11,0.09,0.89,0,0
500,3,8,0.0001,0.003168344,0.001703978,0.00052309,0.11,0.09,0.11,0.09,0.89,0,0
500,3,16,0.1,0.009787798,0.002048969,0.000712156,0.0125,0.17,0.0125,0.17,0.9875,1,0.886363636
500,3,16,0.01,0.005553007,0.002304077,0.000749111,0.1,0.09,0.1,0.09,0.9,1,0.090909091
500,3,16,0.001,0.002750874,0.001543045,0.000801802,0.11,0.09,0.11,0.09,0.89,0,0
500,3,16,0.0001,0.002003193,0.001579046,0.000545025,0.11,0.09,0.11,0.09,0.89,0,0
1000,1,1,0.1,0.018110037,0.003777742,0.000818968,0.0975,0.115,0.0975,0.115,0.9025,0.733333333,0.333333333
1000,1,1,0.01,0.016541004,0.005178928,0.000849962,0.0975,0.115,0.0975,0.115,0.9025,0.733333333,0.333333333
1000,1,1,0.001,0.031066179,0.004603148,0.001848936,0.0975,0.115,0.0975,0.115,0.9025,0.733333333,0.333333333
1000,1,1,0.0001,0.021788836,0.003326893,0.001332045,0.0975,0.115,0.0975,0.115,0.9025,0.733333333,0.333333333
1000,1,2,0.1,0.038020134,0.004964113,0.001251936,0.0975,0.115,0.0975,0.115,0.9025,0.733333333,0.333333333
1000,1,2,0.01,0.040498018,0.00453186,0.001403809,0.0975,0.115,0.0975,0.115,0.9025,0.733333333,0.333333333
1000,1,2,0.001,0.032659054,0.005728006,0.001377106,0.0975,0.115,0.0975,0.115,0.9025,0.733333333,0.333333333
1000,1,2,0.0001,0.046294928,0.004756927,0.002732754,0.0975,0.115,0.0975,0.115,0.9025,0.733333333,0.333333333
1000,1,4,0.1,0.072656155,0.004526138,0.001248837,0.0975,0.115,0.0975,0.115,0.9025,0.733333333,0.333333333
1000,1,4,0.01,0.070764065,0.005007982,0.001456976,0.0975,0.115,0.0975,0.115,0.9025,0.733333333,0.333333333
1000,1,4,0.001,0.073830128,0.003331661,0.000775814,0.0975,0.115,0.0975,0.115,0.9025,0.733333333,0.333333333
1000,1,4,0.0001,0.054843903,0.003726006,0.00132513,0.0975,0.115,0.0975,0.115,0.9025,0.733333333,0.333333333
1000,1,8,0.1,0.112880945,0.002645016,0.000877142,0.1,0.115,0.1,0.115,0.9,0.70212766,0.333333333
1000,1,8,0.01,0.084612131,0.004974127,0.001562119,0.1,0.115,0.1,0.115,0.9,0.70212766,0.333333333
1000,1,8,0.001,0.095527887,0.002641916,0.000712872,0.1,0.115,0.1,0.115,0.9,0.70212766,0.333333333
1000,1,8,0.0001,0.088675261,0.004873037,0.00165987,0.1,0.115,0.1,0.115,0.9,0.70212766,0.333333333
1000,1,16,0.1,0.166878939,0.008895159,0.002063036,0.09875,0.115,0.09875,0.115,0.90125,0.717391304,0.333333333
1000,1,16,0.01,0.176433802,0.005300045,0.001452923,0.09875,0.115,0.09875,0.115,0.90125,0.717391304,0.333333333
1000,1,16,0.001,0.166697979,0.002608776,0.000755072,0.09875,0.115,0.09875,0.115,0.90125,0.717391304,0.333333333
1000,1,16,0.0001,0.24652791,0.00470686,0.001327038,0.09875,0.115,0.09875,0.115,0.90125,0.717391304,0.333333333
1000,2,1,0.1,0.020370007,0.009961128,0.002735138,0.0725,0.105,0.0725,0.105,0.9275,0.955555556,0.434343434
1000,2,1,0.01,0.010575056,0.006906033,0.001937151,0.1075,0.105,0.1075,0.105,0.8925,0.933333333,0.141414141
1000,2,1,0.001,0.009704113,0.006824017,0.003396273,0.12375,0.11,0.12375,0.11,0.87625,0,0
1000,2,1,0.0001,0.010478258,0.020424843,0.033376932,0.12375,0.11,0.12375,0.11,0.87625,0,0
1000,2,2,0.1,0.037405252,0.009597063,0.012999058,0.0475,0.1,0.0475,0.1,0.9525,0.969230769,0.636363636
1000,2,2,0.01,0.014559984,0.009264231,0.001816988,0.095,0.105,0.095,0.105,0.905,0.828571429,0.292929293
1000,2,2,0.001,0.012881041,0.007782221,0.001593828,0.12375,0.11,0.12375,0.11,0.87625,0,0
1000,2,2,0.0001,0.01413393,0.007995129,0.002209187,0.12375,0.11,0.12375,0.11,0.87625,0,0
1000,2,4,0.1,0.022945881,0.009745836,0.00263381,0.035,0.105,0.035,0.105,0.965,0.973333333,0.737373737
1000,2,4,0.01,0.017260075,0.008399248,0.001170158,0.0925,0.1,0.0925,0.1,0.9075,0.857142857,0.303030303
1000,2,4,0.001,0.053119421,0.00797224,0.002206802,0.12375,0.11,0.12375,0.11,0.87625,0,0
1000,2,4,0.0001,0.01203084,0.007497072,0.002120018,0.12375,0.11,0.12375,0.11,0.87625,0,0
1000,2,8,0.1,0.017604113,0.007930994,0.001566887,0.0225,0.115,0.0225,0.115,0.9775,0.976470588,0.838383838
1000,2,8,0.01,0.009395123,0.005990028,0.001926899,0.0875,0.1,0.0875,0.1,0.9125,0.853658537,0.353535354
1000,2,8,0.001,0.008929968,0.004258156,0.001124144,0.12,0.11,0.12,0.11,0.88,0.8,0.04040404
1000,2,8,0.0001,0.010126114,0.006963015,0.00189209,0.12375,0.11,0.12375,0.11,0.87625,0,0
1000,2,16,0.1,0.021743059,0.010597944,0.00245595,0.01,0.12,0.01,0.12,0.99,0.989247312,0.929292929
1000,2,16,0.01,0.019682646,0.008746862,0.006082773,0.07875,0.1,0.07875,0.1,0.92125,0.928571429,0.393939394
1000,2,16,0.001,0.014008045,0.008052826,0.001745939,0.09625,0.105,0.09625,0.105,0.90375,0.823529412,0.282828283
1000,2,16,0.0001,0.007482052,0.004125834,0.001080751,0.12375,0.11,0.12375,0.11,0.87625,0,0
1000,3,1,0.1,0.013925076,0.003118992,0.000893116,0.055,0.1,0.055,0.1,0.945,0.98245614,0.565656566
1000,3,1,0.01,0.008477926,0.003296137,0.000961065,0.12375,0.11,0.12375,0.11,0.87625,0,0
1000,3,1,0.001,0.006630898,0.003805876,0.001030922,0.12375,0.11,0.12375,0.11,0.87625,0,0
1000,3,1,0.0001,0.004789114,0.00368619,0.000809431,0.12375,0.11,0.12375,0.11,0.87625,0,0
1000,3,2,0.1,0.014973879,0.00663209,0.003273964,0.04625,0.12,0.04625,0.12,0.95375,0.96969697,0.646464646
1000,3,2,0.01,0.011450052,0.006464958,0.001719713,0.12375,0.11,0.12375,0.11,0.87625,0,0
1000,3,2,0.001,0.006710052,0.005050182,0.00168705,0.12375,0.11,0.12375,0.11,0.87625,0,0
1000,3,2,0.0001,0.007969141,0.006243944,0.002175093,0.12375,0.11,0.12375,0.11,0.87625,0,0
1000,3,4,0.1,0.02666688,0.005908012,0.00091815,0.035,0.12,0.035,0.12,0.965,0.973333333,0.737373737
1000,3,4,0.01,0.005708218,0.003590822,0.001310825,0.12375,0.11,0.12375,0.11,0.87625,0,0
1000,3,4,0.001,0.004178047,0.003181934,0.000800848,0.12375,0.11,0.12375,0.11,0.87625,0,0
1000,3,4,0.0001,0.003796101,0.004540205,0.002265215,0.12375,0.11,0.12375,0.11,0.87625,0,0
1000,3,8,0.1,0.025540113,0.005279303,0.001126051,0.02375,0.12,0.02375,0.12,0.97625,0.976190476,0.828282828
1000,3,8,0.01,0.014304876,0.006493807,0.001173973,0.1225,0.11,0.1225,0.11,0.8775,1,0.01010101
1000,3,8,0.001,0.005310059,0.005333662,0.001451969,0.12375,0.11,0.12375,0.11,0.87625,0,0
1000,3,8,0.0001,0.007810116,0.008009911,0.00419879,0.12375,0.11,0.12375,0.11,0.87625,0,0
1000,3,16,0.1,0.038542032,0.007951736,0.001513958,0.01625,0.125,0.01625,0.125,0.98375,0.988636364,0.878787879
1000,3,16,0.01,0.010337114,0.006923199,0.001632929,0.1025,0.105,0.1025,0.105,0.8975,1,0.171717172
1000,3,16,0.001,0.003891945,0.002743959,0.000748158,0.12375,0.11,0.12375,0.11,0.87625,0,0
1000,3,16,0.0001,0.003574848,0.003911018,0.000809908,0.12375,0.11,0.12375,0.11,0.87625,0,0
3000,1,1,0.1,0.142254829,0.02615118,0.006251097,0.119583333,0.135,0.119583333,0.135,0.880416667,0,0
3000,1,1,0.01,0.131943941,0.045509815,0.00759697,0.119583333,0.135,0.119583333,0.135,0.880416667,0,0
3000,1,1,0.001,0.10770607,0.043830872,0.011556149,0.119583333,0.135,0.119583333,0.135,0.880416667,0,0
3000,1,1,0.0001,0.099611044,0.055982113,0.01240325,0.119583333,0.135,0.119583333,0.135,0.880416667,0,0
3000,1,2,0.1,0.185387135,0.043606997,0.006447792,0.119583333,0.135,0.119583333,0.135,0.880416667,0,0
3000,1,2,0.01,0.186654806,0.029929161,0.009842873,0.119583333,0.135,0.119583333,0.135,0.880416667,0,0
3000,1,2,0.001,0.182757139,0.036563158,0.023629904,0.119583333,0.135,0.119583333,0.135,0.880416667,0,0
3000,1,2,0.0001,0.186109781,0.052541971,0.006361246,0.119583333,0.135,0.119583333,0.135,0.880416667,0,0
3000,1,4,0.1,0.276973009,0.045917034,0.01199007,0.119583333,0.135,0.119583333,0.135,0.880416667,0,0
3000,1,4,0.01,0.269941092,0.037415981,0.010897875,0.119583333,0.135,0.119583333,0.135,0.880416667,0,0
3000,1,4,0.001,0.312777996,0.033547163,0.007419348,0.119583333,0.135,0.119583333,0.135,0.880416667,0,0
3000,1,4,0.0001,0.322089911,0.049622774,0.011376858,0.119583333,0.135,0.119583333,0.135,0.880416667,0,0
3000,1,8,0.1,0.601911068,0.035002232,0.009656906,0.119583333,0.135,0.119583333,0.135,0.880416667,0,0
3000,1,8,0.01,0.523328066,0.043539047,0.013062954,0.119583333,0.135,0.119583333,0.135,0.880416667,0,0
3000,1,8,0.001,0.560142994,0.049519062,0.012480021,0.119583333,0.135,0.119583333,0.135,0.880416667,0,0
3000,1,8,0.0001,0.489041805,0.036253214,0.011204004,0.119583333,0.135,0.119583333,0.135,0.880416667,0,0
3000,1,16,0.1,1.040278673,0.046256781,0.00721097,0.119583333,0.135,0.119583333,0.135,0.880416667,0,0
3000,1,16,0.01,0.892355204,0.044754982,0.007113934,0.119583333,0.135,0.119583333,0.135,0.880416667,0,0
3000,1,16,0.001,1.022531748,0.067367077,0.01283884,0.119583333,0.135,0.119583333,0.135,0.880416667,0,0
3000,1,16,0.0001,1.015759945,0.03753686,0.006666899,0.119583333,0.135,0.119583333,0.135,0.880416667,0,0
3000,2,1,0.1,0.110527039,0.066613197,0.01124692,0.0875,0.128333333,0.0875,0.128333333,0.9125,0.896907216,0.303135889
3000,2,1,0.01,0.150333881,0.044054031,0.010915756,0.105416667,0.126666667,0.105416667,0.126666667,0.894583333,0.803571429,0.156794425
3000,2,1,0.001,0.088014126,0.05749917,0.010154009,0.119583333,0.135,0.119583333,0.135,0.880416667,0,0
3000,2,1,0.0001,0.057898045,0.056355,0.015667915,0.119583333,0.135,0.119583333,0.135,0.880416667,0,0
3000,2,2,0.1,0.118431807,0.077649832,0.018156052,0.067916667,0.125,0.067916667,0.125,0.932083333,0.936619718,0.463414634
3000,2,2,0.01,0.073926926,0.071911812,0.01900816,0.105416667,0.13,0.105416667,0.13,0.894583333,0.757575758,0.174216028
3000,2,2,0.001,0.089786053,0.065483809,0.016136169,0.119583333,0.135,0.119583333,0.135,0.880416667,0,0
3000,2,2,0.0001,0.074213028,0.046249151,0.017761946,0.119583333,0.135,0.119583333,0.135,0.880416667,0,0
3000,2,4,0.1,0.140991211,0.069257975,0.021363974,0.053333333,0.118333333,0.053333333,0.118333333,0.946666667,0.92972973,0.599303136
3000,2,4,0.01,0.086031914,0.049512863,0.014634848,0.10375,0.13,0.10375,0.13,0.89625,0.771428571,0.18815331
3000,2,4,0.001,0.118733168,0.049123049,0.014741898,0.119583333,0.135,0.119583333,0.135,0.880416667,0,0
3000,2,4,0.0001,0.086565733,0.049771547,0.009741068,0.119583333,0.135,0.119583333,0.135,0.880416667,0,0
3000,2,8,0.1,0.158473969,0.049188137,0.017064095,0.045,0.116666667,0.045,0.116666667,0.955,0.949748744,0.658536585
3000,2,8,0.01,0.117884159,0.038892746,0.010139942,0.099166667,0.13,0.099166667,0.13,0.900833333,0.76344086,0.24738676
3000,2,8,0.001,0.128023863,0.036931992,0.012451887,0.119583333,0.135,0.119583333,0.135,0.880416667,0,0
3000,2,8,0.0001,0.084762812,0.054513931,0.010643005,0.119583333,0.135,0.119583333,0.135,0.880416667,0,0
3000,2,16,0.1,0.192121983,0.069540024,0.022613764,0.033333333,0.125,0.033333333,0.125,0.966666667,0.981395349,0.735191638
3000,2,16,0.01,0.097120047,0.046164036,0.01476717,0.096666667,0.131666667,0.096666667,0.131666667,0.903333333,0.802197802,0.254355401
3000,2,16,0.001,0.100811005,0.048069954,0.013840914,0.119583333,0.135,0.119583333,0.135,0.880416667,0,0
3000,2,16,0.0001,0.099581957,0.046017647,0.013981104,0.119583333,0.135,0.119583333,0.135,0.880416667,0,0
3000,3,1,0.1,0.130604029,0.03156209,0.009157896,0.068333333,0.12,0.068333333,0.12,0.931666667,0.912751678,0.473867596
3000,3,1,0.01,0.074996948,0.034904718,0.00595808,0.119583333,0.135,0.119583333,0.135,0.880416667,0,0
3000,3,1,0.001,0.039937973,0.03561902,0.010238171,0.119583333,0.135,0.119583333,0.135,0.880416667,0,0
3000,3,1,0.0001,0.052702904,0.032134771,0.005300999,0.119583333,0.135,0.119583333,0.135,0.880416667,0,0
3000,3,2,0.1,0.169002056,0.022300959,0.009243011,0.0625,0.116666667,0.0625,0.116666667,0.9375,0.925465839,0.519163763
3000,3,2,0.01,0.068229198,0.045687914,0.011037111,0.119583333,0.135,0.119583333,0.135,0.880416667,0,0
3000,3,2,0.001,0.036104202,0.02815485,0.006046772,0.119583333,0.135,0.119583333,0.135,0.880416667,0,0
3000,3,2,0.0001,0.046653986,0.039266109,0.009827137,0.119583333,0.135,0.119583333,0.135,0.880416667,0,0
3000,3,4,0.1,0.204357862,0.027161121,0.005532026,0.054583333,0.116666667,0.054583333,0.116666667,0.945416667,0.948275862,0.574912892
3000,3,4,0.01,0.059999943,0.043926954,0.01211381,0.119583333,0.135,0.119583333,0.135,0.880416667,0,0
3000,3,4,0.001,0.048745871,0.025591135,0.005900145,0.119583333,0.135,0.119583333,0.135,0.880416667,0,0
3000,3,4,0.0001,0.042753935,0.040616989,0.010388851,0.119583333,0.135,0.119583333,0.135,0.880416667,0,0
3000,3,8,0.1,0.323218822,0.043622017,0.010478973,0.050416667,0.121666667,0.050416667,0.121666667,0.949583333,0.951086957,0.609756098
3000,3,8,0.01,0.051514864,0.034303904,0.012581825,0.10625,0.128333333,0.10625,0.128333333,0.89375,0.833333333,0.139372822
3000,3,8,0.001,0.062703133,0.02618885,0.005414009,0.119583333,0.135,0.119583333,0.135,0.880416667,0,0
3000,3,8,0.0001,0.048640966,0.038504839,0.013445139,0.119583333,0.135,0.119583333,0.135,0.880416667,0,0
3000,3,16,0.1,0.585455894,0.020989895,0.007347822,0.045416667,0.125,0.045416667,0.125,0.954583333,0.949494949,0.655052265
3000,3,16,0.01,0.07824111,0.04505825,0.010789871,0.104166667,0.128333333,0.104166667,0.128333333,0.895833333,0.803278689,0.170731707
3000,3,16,0.001,0.033775806,0.040575027,0.008114815,0.119583333,0.135,0.119583333,0.135,0.880416667,0,0
3000,3,16,0.0001,0.055054903,0.037153006,0.005930901,0.119583333,0.135,0.119583333,0.135,0.880416667,0,0
5000,1,1,0.1,0.362396955,0.096961975,0.03084898,0.11625,0.127,0.11625,0.127,0.88375,0,0
5000,1,1,0.01,0.373042822,0.090452909,0.029741764,0.11625,0.127,0.11625,0.127,0.88375,0,0
5000,1,1,0.001,0.38189292,0.116369009,0.028828144,0.11625,0.127,0.11625,0.127,0.88375,0,0
5000,1,1,0.0001,0.365454912,0.077239037,0.033395767,0.11625,0.127,0.11625,0.127,0.88375,0,0
5000,1,2,0.1,0.620366096,0.105739117,0.024235964,0.11625,0.127,0.11625,0.127,0.88375,0,0
5000,1,2,0.01,0.564721823,0.102129221,0.028573036,0.11625,0.127,0.11625,0.127,0.88375,0,0
5000,1,2,0.001,0.558809042,0.09384203,0.028695822,0.11625,0.127,0.11625,0.127,0.88375,0,0
5000,1,2,0.0001,0.55550909,0.081264734,0.027326107,0.11625,0.127,0.11625,0.127,0.88375,0,0
5000,1,4,0.1,0.902337074,0.08890295,0.022216082,0.11625,0.127,0.11625,0.127,0.88375,0,0
5000,1,4,0.01,0.902462006,0.127078056,0.025421858,0.11625,0.127,0.11625,0.127,0.88375,0,0
5000,1,4,0.001,0.905362844,0.10931778,0.019090891,0.11625,0.127,0.11625,0.127,0.88375,0,0
5000,1,4,0.0001,0.89885211,0.10646081,0.016232967,0.11625,0.127,0.11625,0.127,0.88375,0,0
5000,1,8,0.1,1.608940125,0.108205795,0.018342018,0.11625,0.127,0.11625,0.127,0.88375,0,0
5000,1,8,0.01,1.571890116,0.106299877,0.029220819,0.11625,0.127,0.11625,0.127,0.88375,0,0
5000,1,8,0.001,1.590456009,0.078400135,0.02864933,0.11625,0.127,0.11625,0.127,0.88375,0,0
5000,1,8,0.0001,1.575428009,0.103013992,0.015763998,0.11625,0.127,0.11625,0.127,0.88375,0,0
5000,1,16,0.1,2.693427086,0.105630159,0.015706062,0.11625,0.127,0.11625,0.127,0.88375,0,0
5000,1,16,0.01,2.719363213,0.092267036,0.024923086,0.11625,0.127,0.11625,0.127,0.88375,0,0
5000,1,16,0.001,2.74872303,0.095009089,0.030379057,0.11625,0.127,0.11625,0.127,0.88375,0,0
5000,1,16,0.0001,2.64727807,0.086651087,0.023829937,0.11625,0.127,0.11625,0.127,0.88375,0,0
5000,2,1,0.1,0.297513962,0.1609447,0.029855967,0.08425,0.113,0.08425,0.113,0.91575,0.804761905,0.36344086
5000,2,1,0.01,0.208001137,0.136314154,0.028115034,0.10825,0.116,0.10825,0.116,0.89175,0.7,0.120430108
5000,2,1,0.001,0.229185104,0.117008924,0.034564734,0.11625,0.127,0.11625,0.127,0.88375,0,0
5000,2,1,0.0001,0.195830584,0.125684977,0.035008907,0.11625,0.127,0.11625,0.127,0.88375,0,0
5000,2,2,0.1,0.312063932,0.174300909,0.055072069,0.07175,0.105,0.07175,0.105,0.92825,0.842307692,0.470967742
5000,2,2,0.01,0.233736992,0.122300148,0.040493965,0.10475,0.113,0.10475,0.113,0.89525,0.682539683,0.184946237
5000,2,2,0.001,0.219174147,0.151481867,0.025716066,0.11625,0.127,0.11625,0.127,0.88375,0,0
5000,2,2,0.0001,0.18879199,0.140552998,0.027874708,0.11625,0.127,0.11625,0.127,0.88375,0,0
5000,2,4,0.1,0.365747929,0.163536072,0.042092085,0.0575,0.109,0.0575,0.109,0.9425,0.901023891,0.567741935
5000,2,4,0.01,0.248111725,0.133862019,0.03422308,0.10525,0.11,0.10525,0.11,0.89475,0.650684932,0.204301075
5000,2,4,0.001,0.236991882,0.132709026,0.032454014,0.11625,0.127,0.11625,0.127,0.88375,0,0
5000,2,4,0.0001,0.18448925,0.135676146,0.031228781,0.11625,0.127,0.11625,0.127,0.88375,0,0
5000,2,8,0.1,0.454924107,0.169592142,0.034912109,0.0465,0.115,0.0465,0.115,0.9535,0.931888545,0.647311828
5000,2,8,0.01,0.285323858,0.124684811,0.037545919,0.1035,0.11,0.1035,0.11,0.8965,0.675862069,0.210752688
5000,2,8,0.001,0.243732929,0.120621204,0.039474964,0.11625,0.127,0.11625,0.127,0.88375,0,0
5000,2,8,0.0001,0.205550671,0.136792898,0.031802893,0.11625,0.127,0.11625,0.127,0.88375,0,0
5000,2,16,0.1,0.506387949,0.169965029,0.041872263,0.03375,0.119,0.03375,0.119,0.96625,0.966101695,0.735483871
5000,2,16,0.01,0.3105762,0.123537064,0.039717913,0.1015,0.11,0.1015,0.11,0.8985,0.687898089,0.232258065
5000,2,16,0.001,0.242519855,0.110275984,0.03886795,0.116,0.127,0.116,0.127,0.884,1,0.002150538
5000,2,16,0.0001,0.238991976,0.137515068,0.034117222,0.11625,0.127,0.11625,0.127,0.88375,0,0
5000,3,1,0.1,0.380396605,0.094911814,0.028764963,0.07875,0.11,0.07875,0.11,0.92125,0.834821429,0.402150538
5000,3,1,0.01,0.156302691,0.093951941,0.017269135,0.116,0.127,0.116,0.127,0.884,1,0.002150538
5000,3,1,0.001,0.132324934,0.069231033,0.022010803,0.11625,0.127,0.11625,0.127,0.88375,0,0
5000,3,1,0.0001,0.120971918,0.098419905,0.026682854,0.11625,0.127,0.11625,0.127,0.88375,0,0
5000,3,2,0.1,0.510314941,0.07989502,0.024646044,0.075,0.113,0.075,0.113,0.925,0.826086957,0.449462366
5000,3,2,0.01,0.16438508,0.099404097,0.014937878,0.116,0.127,0.116,0.127,0.884,1,0.002150538
5000,3,2,0.001,0.158454895,0.07568574,0.0332129,0.11625,0.127,0.11625,0.127,0.88375,0,0
5000,3,2,0.0001,0.118752003,0.098248005,0.013996124,0.11625,0.127,0.11625,0.127,0.88375,0,0
5000,3,4,0.1,0.882574081,0.107625246,0.021608114,0.0685,0.116,0.0685,0.116,0.9315,0.84981685,0.498924731
5000,3,4,0.01,0.188544989,0.099280834,0.030234098,0.1145,0.127,0.1145,0.127,0.8855,1,0.015053763
5000,3,4,0.001,0.10701704,0.101369143,0.014073849,0.11625,0.127,0.11625,0.127,0.88375,0,0
5000,3,4,0.0001,0.147027969,0.078675985,0.04935813,0.11625,0.127,0.11625,0.127,0.88375,0,0
5000,3,8,0.1,1.243167162,0.073110104,0.0201087,0.064,0.124,0.064,0.124,0.936,0.877256318,0.522580645
5000,3,8,0.01,0.186155796,0.098777056,0.021789789,0.10575,0.114,0.10575,0.114,0.89425,0.8,0.120430108
5000,3,8,0.001,0.121458054,0.08395505,0.023828983,0.11625,0.127,0.11625,0.127,0.88375,0,0
5000,3,8,0.0001,0.136484146,0.069114923,0.042528868,0.11625,0.127,0.11625,0.127,0.88375,0,0
5000,3,16,0.1,2.141432047,0.06602025,0.020024061,0.06025,0.124,0.06025,0.124,0.93975,0.888888889,0.550537634
5000,3,16,0.01,0.205315113,0.087157011,0.020384073,0.10225,0.113,0.10225,0.113,0.89775,0.733333333,0.189247312
5000,3,16,0.001,0.140184164,0.098165989,0.028125763,0.11625,0.127,0.11625,0.127,0.88375,0,0
5000,3,16,0.0001,0.105480909,0.095621109,0.014783144,0.11625,0.127,0.11625,0.127,0.88375,0,0
8000,1,1,0.1,0.813756943,0.274214983,0.063351631,0.11890625,0.1125,0.11890625,0.1125,0.88109375,0,0
8000,1,1,0.01,0.748768091,0.252451897,0.053872108,0.11890625,0.1125,0.11890625,0.1125,0.88109375,0,0
8000,1,1,0.001,0.806617022,0.255118847,0.053642988,0.11890625,0.1125,0.11890625,0.1125,0.88109375,0,0
8000,1,1,0.0001,0.80274415,0.246345997,0.079326868,0.11890625,0.1125,0.11890625,0.1125,0.88109375,0,0
8000,1,2,0.1,1.100243807,0.268446922,0.060458899,0.11890625,0.1125,0.11890625,0.1125,0.88109375,0,0
8000,1,2,0.01,1.1950562,0.240558863,0.076366901,0.11890625,0.1125,0.11890625,0.1125,0.88109375,0,0
8000,1,2,0.001,1.08136487,0.249810934,0.074193954,0.11890625,0.1125,0.11890625,0.1125,0.88109375,0,0
8000,1,2,0.0001,1.116981983,0.245233059,0.076935768,0.11890625,0.1125,0.11890625,0.1125,0.88109375,0,0
8000,1,4,0.1,1.779819012,0.265299797,0.068717241,0.11890625,0.1125,0.11890625,0.1125,0.88109375,0,0
8000,1,4,0.01,1.874049902,0.280104876,0.054751873,0.11890625,0.1125,0.11890625,0.1125,0.88109375,0,0
8000,1,4,0.001,1.892311096,0.282928944,0.052248955,0.11890625,0.1125,0.11890625,0.1125,0.88109375,0,0
8000,1,4,0.0001,1.874750853,0.249637127,0.081823349,0.11890625,0.1125,0.11890625,0.1125,0.88109375,0,0
8000,1,8,0.1,3.233926773,0.276796818,0.056457996,0.11890625,0.1125,0.11890625,0.1125,0.88109375,0,0
8000,1,8,0.01,3.143501997,0.294555187,0.049206734,0.11890625,0.1125,0.11890625,0.1125,0.88109375,0,0
8000,1,8,0.001,3.203994274,0.270507097,0.053701878,0.11890625,0.1125,0.11890625,0.1125,0.88109375,0,0
8000,1,8,0.0001,3.45622468,0.383137941,0.14297986,0.11890625,0.1125,0.11890625,0.1125,0.88109375,0,0
8000,1,16,0.1,6.981679678,0.28547287,0.07524991,0.11890625,0.1125,0.11890625,0.1125,0.88109375,0,0
8000,1,16,0.01,5.908722162,0.295160055,0.068287134,0.11890625,0.1125,0.11890625,0.1125,0.88109375,0,0
8000,1,16,0.001,5.92504406,0.281475782,0.061185122,0.11890625,0.1125,0.11890625,0.1125,0.88109375,0,0
8000,1,16,0.0001,5.906002045,0.252665043,0.088007927,0.11890625,0.1125,0.11890625,0.1125,0.88109375,0,0
8000,2,1,0.1,0.837841988,0.422752857,0.111942053,0.08734375,0.095625,0.08734375,0.095625,0.91265625,0.838926174,0.328515112
8000,2,1,0.01,0.658666134,0.337652922,0.111100912,0.1065625,0.09625,0.1065625,0.09625,0.8934375,0.698492462,0.182654402
8000,2,1,0.001,0.633067846,0.345488787,0.101220846,0.11890625,0.1125,0.11890625,0.1125,0.88109375,0,0
8000,2,1,0.0001,0.597837925,0.339181185,0.067974806,0.11890625,0.1125,0.11890625,0.1125,0.88109375,0,0
8000,2,2,0.1,0.873033047,0.424844027,0.094304085,0.075,0.09375,0.075,0.09375,0.925,0.898016997,0.416557162
8000,2,2,0.01,0.677255154,0.348065138,0.095801115,0.10625,0.095,0.10625,0.095,0.89375,0.68161435,0.199737188
8000,2,2,0.001,0.755289078,0.353530884,0.076415062,0.11890625,0.1125,0.11890625,0.1125,0.88109375,0,0
8000,2,2,0.0001,0.53446722,0.353766918,0.099796057,0.11890625,0.1125,0.11890625,0.1125,0.88109375,0,0
8000,2,4,0.1,1.060535669,0.371476889,0.108319998,0.06453125,0.09625,0.06453125,0.09625,0.93546875,0.926470588,0.496714849
8000,2,4,0.01,0.749465227,0.335157156,0.069027901,0.105,0.0925,0.105,0.0925,0.895,0.680161943,0.220762155
8000,2,4,0.001,0.751112938,0.359958172,0.103861094,0.11890625,0.1125,0.11890625,0.1125,0.88109375,0,0
8000,2,4,0.0001,0.600724936,0.369231939,0.098857164,0.11890625,0.1125,0.11890625,0.1125,0.88109375,0,0
8000,2,8,0.1,1.112920046,0.373607874,0.123717785,0.05265625,0.103125,0.05265625,0.103125,0.94734375,0.95106383,0.58738502
8000,2,8,0.01,0.731617928,0.356650114,0.105919123,0.10203125,0.093125,0.10203125,0.093125,0.89796875,0.7109375,0.239159001
8000,2,8,0.001,0.697792053,0.335345984,0.079187155,0.11890625,0.1125,0.11890625,0.1125,0.88109375,0,0
8000,2,8,0.0001,0.568763971,0.37277627,0.093003988,0.11890625,0.1125,0.11890625,0.1125,0.88109375,0,0
8000,2,16,0.1,1.479409933,0.438097715,0.105809927,0.04546875,0.1075,0.04546875,0.1075,0.95453125,0.950191571,0.651773982
8000,2,16,0.01,0.930866003,0.341964722,0.086002827,0.099375,0.09625,0.099375,0.09625,0.900625,0.735849057,0.256241787
8000,2,16,0.001,0.732385874,0.379827976,0.087337017,0.11890625,0.1125,0.11890625,0.1125,0.88109375,0,0
8000,2,16,0.0001,0.764162064,0.387657881,0.074874878,0.11890625,0.1125,0.11890625,0.1125,0.88109375,0,0
8000,3,1,0.1,1.435647011,0.202919006,0.060821056,0.08265625,0.0975,0.08265625,0.0975,0.91734375,0.858024691,0.365308804
8000,3,1,0.01,0.536806822,0.254471779,0.04313612,0.11890625,0.1125,0.11890625,0.1125,0.88109375,0,0
8000,3,1,0.001,0.376274109,0.229182005,0.068627834,0.11890625,0.1125,0.11890625,0.1125,0.88109375,0,0
8000,3,1,0.0001,0.308110952,0.246753216,0.046072721,0.11890625,0.1125,0.11890625,0.1125,0.88109375,0,0
8000,3,2,0.1,2.198014021,0.239387035,0.060622215,0.078125,0.09875,0.078125,0.09875,0.921875,0.863509749,0.407358739
8000,3,2,0.01,0.580022097,0.271608829,0.050799131,0.1184375,0.11125,0.1184375,0.11125,0.8815625,1,0.003942181
8000,3,2,0.001,0.370854855,0.224797964,0.078623056,0.11890625,0.1125,0.11890625,0.1125,0.88109375,0,0
8000,3,2,0.0001,0.330692768,0.244906902,0.044305086,0.11890625,0.1125,0.11890625,0.1125,0.88109375,0,0
8000,3,4,0.1,4.078150272,0.225183964,0.058081865,0.07453125,0.101875,0.07453125,0.101875,0.92546875,0.875661376,0.434954008
8000,3,4,0.01,0.523424149,0.238718033,0.072254896,0.1096875,0.100625,0.1096875,0.100625,0.8903125,0.855421687,0.093298292
8000,3,4,0.001,0.332196951,0.26583004,0.043987036,0.11890625,0.1125,0.11890625,0.1125,0.88109375,0,0
8000,3,4,0.0001,0.360868931,0.229294777,0.091618061,0.11890625,0.1125,0.11890625,0.1125,0.88109375,0,0
8000,3,8,0.1,6.582077265,0.230359077,0.084365129,0.07359375,0.105,0.07359375,0.105,0.92640625,0.857142857,0.457293035
8000,3,8,0.01,0.559583664,0.248719215,0.085731983,0.1065625,0.096875,0.1065625,0.096875,0.8934375,0.730994152,0.164257556
8000,3,8,0.001,0.390675068,0.2149508,0.062278748,0.11890625,0.1125,0.11890625,0.1125,0.88109375,0,0
8000,3,8,0.0001,0.296726942,0.259083986,0.055361032,0.11890625,0.1125,0.11890625,0.1125,0.88109375,0,0
8000,3,16,0.1,10.95986509,0.201876402,0.065910101,0.070625,0.10875,0.070625,0.10875,0.929375,0.863529412,0.482260184
8000,3,16,0.01,0.596088171,0.247211933,0.058275938,0.10390625,0.098125,0.10390625,0.098125,0.89609375,0.733009709,0.198423127
8000,3,16,0.001,0.436227083,0.217344999,0.047991037,0.11890625,0.1125,0.11890625,0.1125,0.88109375,0,0
8000,3,16,0.0001,0.329130888,0.21322608,0.071719885,0.11890625,0.1125,0.11890625,0.1125,0.88109375,0,0
10000,1,1,0.1,2.247747183,0.375925064,0.072072029,0.116375,0.119,0.116375,0.119,0.883625,0.628571429,0.023404255
10000,1,1,0.01,2.221134901,0.339834929,0.114798069,0.116375,0.119,0.116375,0.119,0.883625,0.628571429,0.023404255
10000,1,1,0.001,2.239300013,0.322010756,0.087512016,0.116375,0.119,0.116375,0.119,0.883625,0.628571429,0.023404255
10000,1,1,0.0001,2.115410089,0.318907261,0.080060005,0.116375,0.119,0.116375,0.119,0.883625,0.628571429,0.023404255
10000,1,2,0.1,3.314538956,0.34580493,0.095299006,0.116375,0.119,0.116375,0.119,0.883625,0.628571429,0.023404255
10000,1,2,0.01,3.338191032,0.343199968,0.098730803,0.116375,0.119,0.116375,0.119,0.883625,0.628571429,0.023404255
10000,1,2,0.001,3.255196095,0.34815383,0.104171038,0.116375,0.119,0.116375,0.119,0.883625,0.628571429,0.023404255
10000,1,2,0.0001,3.674124002,0.366736174,0.08203125,0.116375,0.119,0.116375,0.119,0.883625,0.628571429,0.023404255
10000,1,4,0.1,5.449424267,0.346576929,0.066834927,0.116375,0.119,0.116375,0.119,0.883625,0.628571429,0.023404255
10000,1,4,0.01,5.462291002,0.421798944,0.101855993,0.116375,0.119,0.116375,0.119,0.883625,0.628571429,0.023404255
10000,1,4,0.001,6.576516867,0.625472069,0.098608255,0.116375,0.119,0.116375,0.119,0.883625,0.628571429,0.023404255
10000,1,4,0.0001,6.543606997,0.488379955,0.09779191,0.116375,0.119,0.116375,0.119,0.883625,0.628571429,0.023404255
10000,1,8,0.1,12.99905992,0.47644496,0.100226164,0.116375,0.119,0.116375,0.119,0.883625,0.628571429,0.023404255
10000,1,8,0.01,12.34668708,0.441833973,0.124381304,0.116375,0.119,0.116375,0.119,0.883625,0.628571429,0.023404255
10000,1,8,0.001,12.8512938,0.511080027,0.110295057,0.116375,0.119,0.116375,0.119,0.883625,0.628571429,0.023404255
10000,1,8,0.0001,12.3648231,0.528761148,0.172069788,0.116375,0.119,0.116375,0.119,0.883625,0.628571429,0.023404255
10000,1,16,0.1,18.6720953,0.489866018,0.097653151,0.116375,0.119,0.116375,0.119,0.883625,0.628571429,0.023404255
10000,1,16,0.01,20.83998489,0.464664221,0.14609623,0.116375,0.119,0.116375,0.119,0.883625,0.628571429,0.023404255
10000,1,16,0.001,19.75337863,0.411076069,0.103947163,0.116375,0.119,0.116375,0.119,0.883625,0.628571429,0.023404255
10000,1,16,0.0001,22.67702508,0.555506945,0.100494862,0.116375,0.119,0.116375,0.119,0.883625,0.628571429,0.023404255
10000,2,1,0.1,2.169347048,0.84058404,0.210039854,0.087875,0.101,0.087875,0.101,0.912125,0.804627249,0.332978723
10000,2,1,0.01,1.430491209,0.655490637,0.181820869,0.102625,0.1025,0.102625,0.1025,0.897375,0.703071672,0.219148936
10000,2,1,0.001,1.494981766,0.681446791,0.168581963,0.1175,0.119,0.1175,0.119,0.8825,0,0
10000,2,1,0.0001,1.171922207,0.633926153,0.160429955,0.1175,0.119,0.1175,0.119,0.8825,0,0
10000,2,2,0.1,1.970178127,0.844277143,0.209259033,0.07575,0.1035,0.07575,0.1035,0.92425,0.858369099,0.425531915
10000,2,2,0.01,1.346461058,0.738720179,0.245072842,0.102125,0.101,0.102125,0.101,0.897875,0.695238095,0.232978723
10000,2,2,0.001,1.430140734,0.792083979,0.152721882,0.117625,0.119,0.117625,0.119,0.882375,0,0
10000,2,2,0.0001,1.15371418,0.679008961,0.142781019,0.1175,0.119,0.1175,0.119,0.8825,0,0
10000,2,4,0.1,2.028996229,0.700741053,0.157258034,0.06425,0.104,0.06425,0.104,0.93575,0.898876404,0.510638298
10000,2,4,0.01,1.568780899,0.663372993,0.153121233,0.100625,0.1015,0.100625,0.1015,0.899375,0.702702703,0.24893617
10000,2,4,0.001,1.182580948,0.61924696,0.127569914,0.11725,0.1195,0.11725,0.1195,0.88275,0.571428571,0.008510638
10000,2,4,0.0001,1.156872988,0.561738968,0.151766062,0.1175,0.119,0.1175,0.119,0.8825,0,0
10000,2,8,0.1,2.135458708,0.767757177,0.19580698,0.051625,0.1075,0.051625,0.1075,0.948375,0.934102142,0.603191489
10000,2,8,0.01,1.570137739,0.576968908,0.128507853,0.09975,0.101,0.09975,0.101,0.90025,0.713855422,0.25212766
10000,2,8,0.001,1.471030235,0.59739399,0.146265984,0.116375,0.117,0.116375,0.117,0.883625,0.68,0.018085106
10000,2,8,0.0001,1.046667814,0.619637012,0.155394077,0.1175,0.119,0.1175,0.119,0.8825,0,0
10000,2,16,0.1,2.61416769,0.77126503,0.18766284,0.041875,0.1165,0.041875,0.1165,0.958125,0.948148148,0.680851064
10000,2,16,0.01,1.63457799,0.634604931,0.153105021,0.097875,0.101,0.097875,0.101,0.902125,0.731563422,0.263829787
10000,2,16,0.001,1.451861143,0.641721249,0.171226263,0.112625,0.1135,0.112625,0.1135,0.887375,0.746835443,0.062765957
10000,2,16,0.0001,1.331048965,0.649932146,0.141356707,0.1175,0.119,0.1175,0.119,0.8825,0,0
10000,3,1,0.1,2.855149031,0.420284986,0.114294767,0.085625,0.1015,0.085625,0.1015,0.914375,0.827763496,0.342553191
10000,3,1,0.01,0.983901978,0.526437044,0.11053896,0.116875,0.1185,0.116875,0.1185,0.883125,0.857142857,0.006382979
10000,3,1,0.001,0.696737051,0.409176111,0.087344885,0.1175,0.119,0.1175,0.119,0.8825,0,0
10000,3,1,0.0001,0.696749687,0.437767029,0.111898184,0.1175,0.119,0.1175,0.119,0.8825,0,0
10000,3,2,0.1,4.862178087,0.413948059,0.085496902,0.081875,0.1015,0.081875,0.1015,0.918125,0.833723653,0.378723404
10000,3,2,0.01,0.990772963,0.444521904,0.10771513,0.1145,0.1165,0.1145,0.1165,0.8855,0.833333333,0.031914894
10000,3,2,0.001,0.731678009,0.400703907,0.099493027,0.1175,0.119,0.1175,0.119,0.8825,0,0
10000,3,2,0.0001,0.807043791,0.367996216,0.110629082,0.1175,0.119,0.1175,0.119,0.8825,0,0
10000,3,4,0.1,6.943918943,0.500329018,0.116388798,0.07925,0.1075,0.07925,0.1075,0.92075,0.838495575,0.403191489
10000,3,4,0.01,1.169014931,0.492961884,0.133295774,0.1055,0.106,0.1055,0.106,0.8945,0.763736264,0.14787234
10000,3,4,0.001,0.96474576,0.558968067,0.104131222,0.1175,0.119,0.1175,0.119,0.8825,0,0
10000,3,4,0.0001,0.695658922,0.448250055,0.105469227,0.1175,0.119,0.1175,0.119,0.8825,0,0
10000,3,8,0.1,10.86963582,0.369281054,0.099030972,0.077125,0.1085,0.077125,0.1085,0.922875,0.84,0.424468085
10000,3,8,0.01,1.229617119,0.654283047,0.142076015,0.10325,0.1045,0.10325,0.1045,0.89675,0.743589744,0.185106383
10000,3,8,0.001,0.993849039,0.539436102,0.13520503,0.1175,0.119,0.1175,0.119,0.8825,0,0
10000,3,8,0.0001,0.757333994,0.423161983,0.091739893,0.1175,0.119,0.1175,0.119,0.8825,0,0
10000,3,16,0.1,25.38987899,0.371017933,0.093472958,0.07525,0.111,0.07525,0.111,0.92475,0.846311475,0.439361702
10000,3,16,0.01,1.087020159,0.462604046,0.127145052,0.1025,0.105,0.1025,0.105,0.8975,0.73255814,0.20106383
10000,3,16,0.001,0.91268301,0.546589136,0.1163311,0.11725,0.119,0.11725,0.119,0.88275,1,0.00212766
10000,3,16,0.0001,0.857091904,0.506013155,0.174853086,0.1175,0.119,0.1175,0.119,0.8825,0,0
30000,1,1,0.1,23.34774208,4.143954277,1.041747332,0.117791667,0.114,0.117791667,0.114,0.882208333,0,0
30000,1,1,0.01,22.22139597,4.434664965,1.059608936,0.117791667,0.114,0.117791667,0.114,0.882208333,0,0
30000,1,1,0.001,23.3001008,4.055839062,0.986508846,0.117791667,0.114,0.117791667,0.114,0.882208333,0,0
30000,1,1,0.0001,21.59242773,4.300247908,1.174021959,0.117791667,0.114,0.117791667,0.114,0.882208333,0,0
30000,1,2,0.1,33.13696313,4.075308084,1.053334951,0.117791667,0.114,0.117791667,0.114,0.882208333,0,0
30000,1,2,0.01,32.03812981,4.043262959,1.14474082,0.117791667,0.114,0.117791667,0.114,0.882208333,0,0
30000,1,2,0.001,32.36582088,4.420653105,1.142314911,0.117791667,0.114,0.117791667,0.114,0.882208333,0,0
30000,1,2,0.0001,32.43336892,3.631313801,0.891625881,0.117791667,0.114,0.117791667,0.114,0.882208333,0,0
30000,1,4,0.1,41.92741299,3.521049976,0.870997667,0.117791667,0.114,0.117791667,0.114,0.882208333,0,0
30000,1,4,0.01,40.27095604,3.353398085,0.902421951,0.117791667,0.114,0.117791667,0.114,0.882208333,0,0
30000,1,4,0.001,42.40586209,3.956030369,0.966151953,0.117791667,0.114,0.117791667,0.114,0.882208333,0,0
30000,1,4,0.0001,54.92804098,4.308542967,0.983794928,0.117791667,0.114,0.117791667,0.114,0.882208333,0,0
30000,1,8,0.1,108.6750791,4.688293934,1.29372406,0.117791667,0.114,0.117791667,0.114,0.882208333,0,0
30000,1,8,0.01,110.5937052,4.717334032,1.434123039,0.117791667,0.114,0.117791667,0.114,0.882208333,0,0
30000,1,8,0.001,110.5685711,4.647220135,1.246814966,0.117791667,0.114,0.117791667,0.114,0.882208333,0,0
30000,1,8,0.0001,116.9009137,4.861209154,1.086108208,0.117791667,0.114,0.117791667,0.114,0.882208333,0,0
30000,1,16,0.1,5692.02425,4.017049074,1.025813103,0.117791667,0.114,0.117791667,0.114,0.882208333,0,0
30000,1,16,0.01,4753.260459,4.036010027,1.074978113,0.117791667,0.114,0.117791667,0.114,0.882208333,0,0
30000,1,16,0.001,4796.479327,4.598788261,1.216215134,0.117791667,0.114,0.117791667,0.114,0.882208333,0,0
30000,1,16,0.0001,4793.109986,4.61835885,1.002175093,0.117791667,0.114,0.117791667,0.114,0.882208333,0,0
30000,2,1,0.1,18.46978807,6.603913069,1.398788929,0.088166667,0.096166667,0.088166667,0.096166667,0.911833333,0.778823529,0.351255748
30000,2,1,0.01,14.10360789,6.235565901,1.647464991,0.105458333,0.100333333,0.105458333,0.100333333,0.894541667,0.652892562,0.223558543
30000,2,1,0.001,13.64921212,6.485059023,1.671863079,0.117833333,0.114,0.117833333,0.114,0.882166667,0,0
30000,2,1,0.0001,12.67570305,6.449856043,1.746170759,0.117791667,0.114,0.117791667,0.114,0.882208333,0,0
30000,2,2,0.1,19.72887611,7.023776054,1.760305882,0.080666667,0.095333333,0.080666667,0.095333333,0.919333333,0.820273185,0.403608065
30000,2,2,0.01,14.47795296,6.294448137,1.487589121,0.104458333,0.100166667,0.104458333,0.100166667,0.895541667,0.658102767,0.235585426
30000,2,2,0.001,13.8276298,5.937372923,1.363186121,0.117791667,0.114,0.117791667,0.114,0.882208333,0.5,0.001414927
30000,2,2,0.0001,10.56113386,5.766345978,1.367463827,0.117791667,0.114,0.117791667,0.114,0.882208333,0,0
30000,2,4,0.1,25.0088191,6.911370039,1.788960218,0.072875,0.097,0.072875,0.097,0.927125,0.856953642,0.457729041
30000,2,4,0.01,15.97208595,5.906001091,1.638417006,0.103458333,0.099333333,0.103458333,0.099333333,0.896541667,0.666990291,0.243013796
30000,2,4,0.001,14.12391901,6.423299789,1.727517128,0.11725,0.113666667,0.11725,0.113666667,0.88275,0.651162791,0.009904492
30000,2,4,0.0001,13.15992522,6.914701939,1.970981121,0.117791667,0.114,0.117791667,0.114,0.882208333,0,0
30000,2,8,0.1,36.15165806,6.897763014,1.645168781,0.065,0.099,0.065,0.099,0.935,0.878208955,0.520339583
30000,2,8,0.01,17.16393805,6.204263926,1.538048029,0.102125,0.099833333,0.102125,0.099833333,0.897875,0.683235867,0.247966042
30000,2,8,0.001,14.22034407,6.674634933,1.507444859,0.113,0.107666667,0.113,0.107666667,0.887,0.740585774,0.062610541
30000,2,8,0.0001,13.99153996,6.996786118,1.800055027,0.117791667,0.114,0.117791667,0.114,0.882208333,0,0
30000,2,16,0.1,57.93814778,6.502053976,1.730189085,0.057125,0.103166667,0.057125,0.103166667,0.942875,0.908988764,0.572338168
30000,2,16,0.01,19.02649379,6.069439888,1.614809036,0.100166667,0.100833333,0.100166667,0.100833333,0.899833333,0.706341463,0.256101875
30000,2,16,0.001,13.92883587,6.447776079,1.551505327,0.106875,0.102333333,0.106875,0.102333333,0.893125,0.676075269,0.177927131
30000,2,16,0.0001,15.20550919,6.609687805,1.7349751,0.117791667,0.114,0.117791667,0.114,0.882208333,0,0
30000,3,1,0.1,37.67279887,4.339126825,1.026897907,0.094458333,0.1,0.094458333,0.1,0.905541667,0.747787611,0.298903431
30000,3,1,0.01,11.35785508,4.53408289,1.154470921,0.111,0.106,0.111,0.106,0.889,0.794223827,0.077821012
30000,3,1,0.001,8.76228714,4.69939208,1.059226274,0.117791667,0.114,0.117791667,0.114,0.882208333,0,0
30000,3,1,0.0001,8.624250174,4.716814041,1.093811989,0.117791667,0.114,0.117791667,0.114,0.882208333,0,0
30000,3,2,0.1,58.48938799,4.315667152,1.186811209,0.094,0.1005,0.094,0.1005,0.906,0.747614918,0.304916873
30000,3,2,0.01,12.207829,4.832042933,1.150474072,0.106708333,0.102166667,0.106708333,0.102166667,0.893291667,0.70212766,0.163424125
30000,3,2,0.001,9.40868187,4.269489765,1.130555153,0.117791667,0.114,0.117791667,0.114,0.882208333,0,0
30000,3,2,0.0001,8.715890169,4.351708174,1.131080866,0.117791667,0.114,0.117791667,0.114,0.882208333,0,0
30000,3,4,0.1,101.5520911,4.249738216,0.929028273,0.093458333,0.099666667,0.093458333,0.099666667,0.906541667,0.748722317,0.310930315
30000,3,4,0.01,13.1579268,4.319312811,1.249625206,0.105291667,0.100666667,0.105291667,0.100666667,0.894708333,0.701072386,0.185001769
30000,3,4,0.001,9.415718794,4.535791874,1.036142111,0.117791667,0.114,0.117791667,0.114,0.882208333,0,0
30000,3,4,0.0001,8.445967197,4.368243933,0.997819185,0.117791667,0.114,0.117791667,0.114,0.882208333,0,0
30000,3,8,0.1,194.4420869,3.942538023,0.918811083,0.092625,0.099166667,0.092625,0.099166667,0.907375,0.751666667,0.319066148
30000,3,8,0.01,12.56416178,4.367795944,1.181012869,0.103708333,0.1,0.103708333,0.1,0.896291667,0.706097561,0.204810753
30000,3,8,0.001,10.76921391,4.352272987,1.153695107,0.117791667,0.114,0.117791667,0.114,0.882208333,0,0
30000,3,8,0.0001,8.118560791,4.317338943,0.978617907,0.117791667,0.114,0.117791667,0.114,0.882208333,0,0
30000,3,16,0.1,299.508249,4.423619986,0.862269163,0.092,0.1,0.092,0.1,0.908,0.753896637,0.32507959
30000,3,16,0.01,13.49323273,3.983139038,0.900888681,0.102833333,0.101333333,0.102833333,0.101333333,0.897166667,0.70994152,0.214715246
30000,3,16,0.001,10.81274414,4.206202269,1.034687042,0.117791667,0.114,0.117791667,0.114,0.882208333,0,0
30000,3,16,0.0001,8.192662001,4.139266968,1.00556016,0.117791667,0.114,0.117791667,0.114,0.882208333,0,0
45212,1,1,0.1,59.05859923,9.748184919,2.429887056,0.117835716,0.113679089,0.117835716,0.113679089,0.88216,0.00000,0.00000
45212,1,1,0.01,58.31018496,9.831642866,2.518728971,0.117835716,0.113679089,0.117835716,0.113679089,0.882164284,0.00000,0.00000
45212,1,1,0.001,58.35096788,9.836473942,2.480154991,0.117835716,0.113679089,0.117835716,0.113679089,0.882164284,0.00000,0.00000
45212,1,1,0.0001,59.12572408,9.630321026,2.478628874,0.117835716,0.113679089,0.117835716,0.113679089,0.882164284,0.00000,0.00000
45212,1,2,0.1,88.56364083,9.749625206,2.38892293,0.117835716,0.113679089,0.117835716,0.113679089,0.88216,0.00000,0.00000
45212,1,2,0.01,88.41826606,9.790078163,2.58996129,0.117835716,0.113679089,0.117835716,0.113679089,0.882164284,0.00000,0.00000
45212,1,2,0.001,89.22952199,9.892096043,2.351303101,0.117835716,0.113679089,0.117835716,0.113679089,0.882164284,0.00000,0.00000
45212,1,2,0.0001,83.26189828,9.377217054,2.424761057,0.117835716,0.113679089,0.117835716,0.113679089,0.882164284,0.00000,0.00000
45212,1,4,0.1,137.848042,9.162085056,2.218969107,0.117835716,0.113679089,0.117835716,0.113679089,0.88216,0.00000,0.00000
45212,1,4,0.01,138.0238521,9.36066699,2.406946182,0.117835716,0.113679089,0.117835716,0.113679089,0.882164284,0.00000,0.00000
45212,1,4,0.001,140.9850652,9.402134895,2.412778139,0.117835716,0.113679089,0.117835716,0.113679089,0.882164284,0.00000,0.00000
45212,1,4,0.0001,138.911361,9.182594061,2.354912758,0.117835716,0.113679089,0.117835716,0.113679089,0.882164284,0.00000,0.00000
45212,1,8,0.1,1319.099315,10.41954494,2.474997759,0.117835716,0.113679089,0.117835716,0.113679089,0.88216,0.00000,0.00000
45212,1,8,0.01,1365.432798,9.42393899,2.370316029,0.117835716,0.113679089,0.117835716,0.113679089,0.882164284,0.00000,0.00000
45212,1,8,0.001,1275.454601,9.839401007,2.423670769,0.117835716,0.113679089,0.117835716,0.113679089,0.882164284,0.00000,0.00000
45212,1,8,0.0001,1278.738578,9.711947918,2.331215858,0.117835716,0.113679089,0.117835716,0.113679089,0.882164284,0.00000,0.00000
45212,1,16,0.1,9793.311637,6.04391408,1.516746044,0.117835716,0.113679089,0.117835716,0.113679089,0.88216,0.00000,0.00000
45212,1,16,0.01,9457.456681,6.368326902,1.573629141,0.117835716,0.113679089,0.117835716,0.113679089,0.882164284,0.00000,0.00000
45212,1,16,0.001,8469.50488,5.697105885,1.442472935,0.117835716,0.113679089,0.117835716,0.113679089,0.882164284,0.00000,0.00000
45212,1,16,0.0001,8524.466533,6.734894991,1.755676985,0.117835716,0.113679089,0.117835716,0.113679089,0.882164284,0.00000,0.00000
45212,2,1,0.1,40.55862188,10.99519897,2.787671089,0.089690066,0.095985845,0.089690066,0.095985845,0.91031,0.75943,0.34960
45212,2,1,0.01,22.83480501,10.24825096,2.448139906,0.104094667,0.101072653,0.104094667,0.101072653,0.895905333,0.66126,0.23909
45212,2,1,0.001,21.69254136,10.93903399,2.719061136,0.117835716,0.113568506,0.117835716,0.113568506,0.882164284,0.50000,0.00188
45212,2,1,0.0001,22.01544499,10.84070778,2.766374826,0.117835716,0.113679089,0.117835716,0.113679089,0.882164284,0.00000,0.00000
45212,2,2,0.1,58.6088891,10.95815396,2.888678074,0.083635157,0.094880018,0.083635157,0.094880018,0.91636,0.79636,0.38996
45212,2,2,0.01,23.69586802,10.14586496,2.743548155,0.103873483,0.100519739,0.103873483,0.100519739,0.896126517,0.65890,0.24566
45212,2,2,0.001,22.86277127,10.85357094,3.102618217,0.117310404,0.113568506,0.117310404,0.113568506,0.882689596,0.61728,0.01173
45212,2,2,0.0001,22.94229984,10.68965697,2.960542202,0.117835716,0.113679089,0.117835716,0.113679089,0.882164284,0.00000,0.00000
45212,2,4,0.1,71.36207414,10.65818119,2.971003056,0.076584921,0.096649342,0.076584921,0.096649342,0.92342,0.83393,0.43712
45212,2,4,0.01,25.49514484,10.38710403,2.259726286,0.103154635,0.100187991,0.103154635,0.100187991,0.896845365,0.66460,0.25153
45212,2,4,0.001,22.49227595,11.00625086,2.61182189,0.113964998,0.110251023,0.113964998,0.110251023,0.886035002,0.74648,0.04974
45212,2,4,0.0001,22.13900685,10.62154722,2.636312008,0.117835716,0.113679089,0.117835716,0.113679089,0.882164284,0.00000,0.00000
45212,2,8,0.1,73.85805511,10.91106629,2.887290955,0.0700047,0.098860997,0.0700047,0.098860997,0.93000,0.86192,0.48334
45212,2,8,0.01,27.72522998,10.07547212,2.496770144,0.101965772,0.099303329,0.101965772,0.099303329,0.898034228,0.67893,0.25551
45212,2,8,0.001,22.79029703,10.63281012,2.697036028,0.107053001,0.101957315,0.107053001,0.101957315,0.892946999,0.68969,0.16635
45212,2,8,0.0001,22.28045726,10.83867598,2.798471212,0.117835716,0.113679089,0.117835716,0.113679089,0.882164284,0.00000,0.00000
45212,2,16,0.1,111.2317109,11.17282295,2.629437923,0.062235616,0.099524494,0.062235616,0.099524494,0.93776,0.89231,0.53660
45212,2,16,0.01,30.70297289,10.24637699,2.424059868,0.100141005,0.098086918,0.100141005,0.098086918,0.899858995,0.69778,0.26490
45212,2,16,0.001,24.08864784,10.48190498,2.71243,0.106306506,0.102178481,0.106306506,0.102178481,0.893693494,0.66801,0.19451
45212,2,16,0.0001,22.09875679,10.77307177,2.777254105,0.117835716,0.113679089,0.117835716,0.113679089,0.882164284,0.00000,0.00000
45212,3,1,0.1,54.13436103,4.450098038,1.100439787,0.096436175,0.097312839,0.096436175,0.097312839,0.90356,0.74127,0.27898
45212,3,1,0.01,13.77319717,4.777935982,1.192936897,0.108020681,0.102620812,0.108020681,0.102620812,0.891979319,0.70616,0.14266
45212,3,1,0.001,9.18174696,4.980540991,1.435727835,0.117835716,0.113679089,0.117835716,0.113679089,0.882164284,0.00000,0.00000
45212,3,1,0.0001,12.04332685,5.743252993,1.402470827,0.117835716,0.113679089,0.117835716,0.113679089,0.882164284,0.00000,0.00000
45212,3,2,0.1,100.2925413,5.17664814,1.267251968,0.095496143,0.097312839,0.095496143,0.097312839,0.90450,0.74725,0.28649
45212,3,2,0.01,16.46531725,5.866446018,1.461607218,0.10638945,0.101514984,0.10638945,0.101514984,0.89361055,0.69565,0.17269
45212,3,2,0.001,13.85812306,5.965775728,1.500643015,0.117835716,0.113679089,0.117835716,0.113679089,0.882164284,0.00000,0.00000
45212,3,2,0.0001,11.8448391,5.939028978,1.407397032,0.117835716,0.113679089,0.117835716,0.113679089,0.882164284,0.00000,0.00000
45212,3,4,0.1,186.595221,5.324802876,1.265899181,0.094970831,0.097312839,0.094970831,0.097312839,0.90503,0.74687,0.29352
45212,3,4,0.01,17.21869683,5.703788042,1.337385178,0.105477066,0.10096207,0.105477066,0.10096207,0.894522934,0.69452,0.18724
45212,3,4,0.001,15.07837391,6.026652098,1.394662142,0.117835716,0.113679089,0.117835716,0.113679089,0.882164284,0.00000,0.00000
45212,3,4,0.0001,11.81651187,5.782219887,1.428843021,0.117835716,0.113679089,0.117835716,0.113679089,0.882164284,0.00000,0.00000
45212,3,8,0.1,365.8422608,5.236623764,1.23458004,0.094860239,0.09775517,0.094860239,0.09775517,0.90514,0.74398,0.29728
45212,3,8,0.01,17.20995784,5.299281836,1.404824257,0.104619978,0.100187991,0.104619978,0.100187991,0.895380022,0.69655,0.19873
45212,3,8,0.001,16.44892597,6.074719191,1.522748947,0.117835716,0.113679089,0.117835716,0.113679089,0.882164284,0.00000,0.00000
45212,3,8,0.0001,12.15710616,6.05480504,1.507309198,0.117835716,0.113679089,0.117835716,0.113679089,0.882164284,0.00000,0.00000
45212,3,16,0.1,680.1769321,5.132174015,1.442842722,0.094611408,0.097423421,0.094611408,0.097423421,0.90539,0.74138,0.30267
45212,3,16,0.01,17.60974216,5.558943987,1.405833006,0.103099339,0.099966825,0.103099339,0.099966825,0.896900661,0.70968,0.21164
45212,3,16,0.001,15.89135098,5.971998215,1.50249505,0.117835716,0.113679089,0.117835716,0.113679089,0.882164284,0.00000,0.00000
45212,3,16,0.0001,11.88414383,5.755342007,1.502525091,0.117835716,0.113679089,0.117835716,0.113679089,0.882164284,0.00000,0.00000