split point, sample size, kernel, penalty param, gamma, fit time, train time, test time, train mse, test mse, train mae, test mae, accuracy, precision, recall,cv1,,,,,,,,
0.2,100,linear,1,0.1,0.001072168,0.000300884,0.000114202,0.0875,0.05,0.0875,0.05,0.9125,0.888888889,0.5714285714291.0,0.666666667,0.666666667,1,1,1,1,1,0,1
0.2,100,linear,1,10,0.000723839,0.000272989,0.000114918,0.0875,0.05,0.0875,0.05,0.9125,0.888888889,0.5714285714291.0,0.666666667,0.666666667,1,1,1,1,1,0,1
0.2,100,linear,1,100,0.000809193,0.000281811,0.000111103,0.0875,0.05,0.0875,0.05,0.9125,0.888888889,0.5714285714291.0,0.666666667,0.666666667,1,1,1,1,1,0,1
0.2,100,linear,2,0.1,0.00087595,0.000301838,0.000208139,0.05,0.05,0.05,0.05,0.95,0.916666667,0.7857142857141.0,0.666666667,0.666666667,1,1,1,1,1,0,1
0.2,100,linear,2,10,0.001034021,0.000303984,0.000121117,0.05,0.05,0.05,0.05,0.95,0.916666667,0.7857142857141.0,0.666666667,0.666666667,1,1,1,1,1,0,1
0.2,100,linear,2,100,0.000859976,0.00027895,0.000113964,0.05,0.05,0.05,0.05,0.95,0.916666667,0.7857142857141.0,0.666666667,0.666666667,1,1,1,1,1,0,1
0.2,100,linear,4,0.1,0.00199914,0.000300169,0.000114202,0.05,0.1,0.05,0.1,0.95,0.916666667,0.7857142857141.0,0.666666667,0.666666667,1,1,1,1,1,0,1
0.2,100,linear,4,10,0.00110507,0.000299931,0.000123024,0.05,0.1,0.05,0.1,0.95,0.916666667,0.7857142857141.0,0.666666667,0.666666667,1,1,1,1,1,0,1
0.2,100,linear,4,100,0.001143694,0.000307083,0.000113249,0.05,0.1,0.05,0.1,0.95,0.916666667,0.7857142857141.0,0.666666667,0.666666667,1,1,1,1,1,0,1
0.2,100,linear,8,0.1,0.001165867,0.00032115,0.000133991,0.0375,0.1,0.0375,0.1,0.9625,1,0.7857142857141.0,0.666666667,0.666666667,1,1,1,1,1,0,1
0.2,100,linear,8,10,0.001910925,0.000371218,0.000134945,0.0375,0.1,0.0375,0.1,0.9625,1,0.7857142857141.0,0.666666667,0.666666667,1,1,1,1,1,0,1
0.2,100,linear,8,100,0.000980854,0.000273943,0.00011301,0.0375,0.1,0.0375,0.1,0.9625,1,0.7857142857141.0,0.666666667,0.666666667,1,1,1,1,1,0,1
0.2,100,rbf,1,0.1,0.000747204,0.000361919,0.000135899,0.075,0.15,0.075,0.15,0.925,1,0.5714285714290.666666666667,0.666666667,0.666666667,1,1,1,1,1,1,1
0.2,100,rbf,1,10,0.000971079,0.000410795,0.000145197,0,0.15,0,0.15,1,1,1.00.666666666667,0.666666667,0.666666667,1,1,1,1,1,1,1
0.2,100,rbf,1,100,0.000793934,0.000375032,0.000132084,0,0.15,0,0.15,1,1,1.00.666666666667,0.666666667,0.666666667,1,1,1,1,1,1,1
0.2,100,rbf,2,0.1,0.000765085,0.000380993,0.000144005,0.0125,0.1,0.0125,0.1,0.9875,1,0.9285714285710.666666666667,0.666666667,0.666666667,1,1,1,1,1,1,1
0.2,100,rbf,2,10,0.000951052,0.000677109,0.000388145,0,0.15,0,0.15,1,1,1.00.666666666667,0.666666667,0.666666667,1,1,1,1,1,1,1
0.2,100,rbf,2,100,0.000815153,0.000372171,0.000132084,0,0.15,0,0.15,1,1,1.00.666666666667,0.666666667,0.666666667,1,1,1,1,1,1,1
0.2,100,rbf,4,0.1,0.000780821,0.000357151,0.000131845,0.0125,0.15,0.0125,0.15,0.9875,1,0.9285714285710.666666666667,0.666666667,0.666666667,1,1,1,1,1,1,1
0.2,100,rbf,4,10,0.000959158,0.000399113,0.000145912,0,0.15,0,0.15,1,1,1.00.666666666667,0.666666667,0.666666667,1,1,1,1,1,1,1
0.2,100,rbf,4,100,0.0008111,0.000360966,0.000130892,0,0.15,0,0.15,1,1,1.00.666666666667,0.666666667,0.666666667,1,1,1,1,1,1,1
0.2,100,rbf,8,0.1,0.000792027,0.000348806,0.00013113,0.0125,0.15,0.0125,0.15,0.9875,1,0.9285714285710.666666666667,0.666666667,0.666666667,1,1,1,1,1,1,1
0.2,100,rbf,8,10,0.000946045,0.000397921,0.000146151,0,0.15,0,0.15,1,1,1.00.666666666667,0.666666667,0.666666667,1,1,1,1,1,1,1
0.2,100,rbf,8,100,0.000818968,0.000367165,0.000130892,0,0.15,0,0.15,1,1,1.00.666666666667,0.666666667,0.666666667,1,1,1,1,1,1,1
0.2,100,poly,1,0.1,0.000730991,0.000320911,0.000129938,0.05,0.05,0.05,0.05,0.95,1,0.7142857142860.666666666667,0.666666667,0.666666667,1,1,1,1,1,0,1
0.2,100,poly,1,10,0.001199245,0.000401974,0.000227213,0,0.2,0,0.2,1,1,1.00.666666666667,0.666666667,0.666666667,1,1,1,1,1,0,1
0.2,100,poly,1,100,0.000738144,0.000302792,0.000118017,0,0.2,0,0.2,1,1,1.00.666666666667,0.666666667,0.666666667,1,1,1,1,1,0,1
0.2,100,poly,2,0.1,0.001912117,0.000828028,0.000282049,0.0375,0.1,0.0375,0.1,0.9625,1,0.7857142857140.666666666667,0.666666667,0.666666667,1,1,1,1,1,0,1
0.2,100,poly,2,10,0.000763178,0.00031209,0.000120878,0,0.2,0,0.2,1,1,1.00.666666666667,0.666666667,0.666666667,1,1,1,1,1,0,1
0.2,100,poly,2,100,0.000771761,0.00030899,0.000120163,0,0.2,0,0.2,1,1,1.00.666666666667,0.666666667,0.666666667,1,1,1,1,1,0,1
0.2,100,poly,4,0.1,0.000786304,0.000329018,0.000129938,0.0125,0.1,0.0125,0.1,0.9875,1,0.9285714285710.666666666667,0.666666667,0.666666667,1,1,1,1,1,0,1
0.2,100,poly,4,10,0.000797272,0.000310898,0.00012207,0,0.2,0,0.2,1,1,1.00.666666666667,0.666666667,0.666666667,1,1,1,1,1,0,1
0.2,100,poly,4,100,0.000791073,0.000313759,0.000120878,0,0.2,0,0.2,1,1,1.00.666666666667,0.666666667,0.666666667,1,1,1,1,1,0,1
0.2,100,poly,8,0.1,0.000810862,0.000327349,0.000126839,0.0125,0.15,0.0125,0.15,0.9875,1,0.9285714285710.666666666667,0.666666667,0.666666667,1,1,1,1,1,0,1
0.2,100,poly,8,10,0.000756979,0.000313997,0.00012207,0,0.2,0,0.2,1,1,1.00.666666666667,0.666666667,0.666666667,1,1,1,1,1,0,1
0.2,100,poly,8,100,0.001026154,0.000335932,0.00012207,0,0.2,0,0.2,1,1,1.00.666666666667,0.666666667,0.666666667,1,1,1,1,1,0,1
0.4,100,linear,1,0.1,0.001021147,0.000255108,0.000161886,0.05,0.1,0.05,0.1,0.95,0.916666667,0.8461538461541.0,0.8,0.8,0.6,0.75,1,1,1,1,1
0.4,100,linear,1,10,0.000680923,0.000228167,0.000159979,0.05,0.1,0.05,0.1,0.95,0.916666667,0.8461538461541.0,0.8,0.8,0.6,0.75,1,1,1,1,1
0.4,100,linear,1,100,0.000770807,0.000244141,0.000159025,0.05,0.1,0.05,0.1,0.95,0.916666667,0.8461538461541.0,0.8,0.8,0.6,0.75,1,1,1,1,1
0.4,100,linear,2,0.1,0.001332045,0.000460863,0.000257015,0.05,0.15,0.05,0.15,0.95,0.916666667,0.8461538461541.0,0.8,0.8,0.6,0.75,1,1,1,1,1
0.4,100,linear,2,10,0.000735044,0.000227928,0.000159979,0.05,0.15,0.05,0.15,0.95,0.916666667,0.8461538461541.0,0.8,0.8,0.6,0.75,1,1,1,1,1
0.4,100,linear,2,100,0.000731945,0.000226021,0.000157833,0.05,0.15,0.05,0.15,0.95,0.916666667,0.8461538461541.0,0.8,0.8,0.6,0.75,1,1,1,1,1
0.4,100,linear,4,0.1,0.001302004,0.000466108,0.000197887,0.033333333,0.125,0.033333333,0.125,0.966666667,1,0.8461538461541.0,0.8,0.8,0.6,0.75,1,1,1,1,1
0.4,100,linear,4,10,0.00072813,0.000228882,0.000159979,0.033333333,0.125,0.033333333,0.125,0.966666667,1,0.8461538461541.0,0.8,0.8,0.6,0.75,1,1,1,1,1
0.4,100,linear,4,100,0.000725031,0.000229836,0.000159979,0.033333333,0.125,0.033333333,0.125,0.966666667,1,0.8461538461541.0,0.8,0.8,0.6,0.75,1,1,1,1,1
0.4,100,linear,8,0.1,0.001312017,0.000427008,0.000216961,0.033333333,0.15,0.033333333,0.15,0.966666667,1,0.8461538461541.0,0.8,0.8,0.6,0.75,1,1,1,1,1
0.4,100,linear,8,10,0.001470804,0.000275135,0.000157833,0.033333333,0.15,0.033333333,0.15,0.966666667,1,0.8461538461541.0,0.8,0.8,0.6,0.75,1,1,1,1,1
0.4,100,linear,8,100,0.000914812,0.000221252,0.000154734,0.033333333,0.15,0.033333333,0.15,0.966666667,1,0.8461538461541.0,0.8,0.8,0.6,0.75,1,1,1,1,1
0.4,100,rbf,1,0.1,0.000698805,0.000357151,0.000221729,0.1,0.1,0.1,0.1,0.9,1,0.5384615384620.8,0.8,0.8,0.8,1,1,1,1,1,1
0.4,100,rbf,1,10,0.000687122,0.00029397,0.000205994,0,0.1,0,0.1,1,1,1.00.8,0.8,0.8,0.8,1,1,1,1,1,1
0.4,100,rbf,1,100,0.000605106,0.000271082,0.000185013,0,0.1,0,0.1,1,1,1.00.8,0.8,0.8,0.8,1,1,1,1,1,1
0.4,100,rbf,2,0.1,0.000644922,0.000272989,0.000190973,0.016666667,0.075,0.016666667,0.075,0.983333333,1,0.9230769230770.8,0.8,0.8,0.8,1,1,1,1,1,1
0.4,100,rbf,2,10,0.000720263,0.000292778,0.000204086,0,0.1,0,0.1,1,1,1.00.8,0.8,0.8,0.8,1,1,1,1,1,1
0.4,100,rbf,2,100,0.000681162,0.000272989,0.000185966,0,0.1,0,0.1,1,1,1.00.8,0.8,0.8,0.8,1,1,1,1,1,1
0.4,100,rbf,4,0.1,0.000657082,0.00027585,0.000192165,0.016666667,0.125,0.016666667,0.125,0.983333333,1,0.9230769230770.8,0.8,0.8,0.8,1,1,1,1,1,1
0.4,100,rbf,4,10,0.000846863,0.000309944,0.000218153,0,0.1,0,0.1,1,1,1.00.8,0.8,0.8,0.8,1,1,1,1,1,1
0.4,100,rbf,4,100,0.000631094,0.000274181,0.000188351,0,0.1,0,0.1,1,1,1.00.8,0.8,0.8,0.8,1,1,1,1,1,1
0.4,100,rbf,8,0.1,0.000658035,0.000274181,0.000189304,0.016666667,0.125,0.016666667,0.125,0.983333333,1,0.9230769230770.8,0.8,0.8,0.8,1,1,1,1,1,1
0.4,100,rbf,8,10,0.00088501,0.000295162,0.000204802,0,0.1,0,0.1,1,1,1.00.8,0.8,0.8,0.8,1,1,1,1,1,1
0.4,100,rbf,8,100,0.000862837,0.00028491,0.000184059,0,0.1,0,0.1,1,1,1.00.8,0.8,0.8,0.8,1,1,1,1,1,1
0.4,100,poly,1,0.1,0.000679255,0.000257015,0.000172138,0.066666667,0.075,0.066666667,0.075,0.933333333,1,0.6923076923081.0,0.8,0.8,0.6,1,1,1,1,1,1
0.4,100,poly,1,10,0.000828981,0.000256062,0.000173092,0,0.2,0,0.2,1,1,1.01.0,0.8,0.8,0.6,1,1,1,1,1,1
0.4,100,poly,1,100,0.000781059,0.00030899,0.00049305,0,0.2,0,0.2,1,1,1.01.0,0.8,0.8,0.6,1,1,1,1,1,1
0.4,100,poly,2,0.1,0.000634193,0.000243902,0.000170946,0.033333333,0.125,0.033333333,0.125,0.966666667,1,0.8461538461541.0,0.8,0.8,0.6,1,1,1,1,1,1
0.4,100,poly,2,10,0.000662088,0.000257015,0.000184059,0,0.2,0,0.2,1,1,1.01.0,0.8,0.8,0.6,1,1,1,1,1,1
0.4,100,poly,2,100,0.000674009,0.000262976,0.000183105,0,0.2,0,0.2,1,1,1.01.0,0.8,0.8,0.6,1,1,1,1,1,1
0.4,100,poly,4,0.1,0.000643253,0.000239849,0.000169992,0.016666667,0.125,0.016666667,0.125,0.983333333,1,0.9230769230771.0,0.8,0.8,0.6,1,1,1,1,1,1
0.4,100,poly,4,10,0.000658274,0.000245094,0.000173807,0,0.2,0,0.2,1,1,1.01.0,0.8,0.8,0.6,1,1,1,1,1,1
0.4,100,poly,4,100,0.000648022,0.000248909,0.00017786,0,0.2,0,0.2,1,1,1.01.0,0.8,0.8,0.6,1,1,1,1,1,1
0.4,100,poly,8,0.1,0.000635147,0.000247955,0.000173092,0.016666667,0.2,0.016666667,0.2,0.983333333,1,0.9230769230771.0,0.8,0.8,0.6,1,1,1,1,1,1
0.4,100,poly,8,10,0.001744747,0.00058794,0.000389099,0,0.2,0,0.2,1,1,1.01.0,0.8,0.8,0.6,1,1,1,1,1,1
0.4,100,poly,8,100,0.000715017,0.000254154,0.000174761,0,0.2,0,0.2,1,1,1.01.0,0.8,0.8,0.6,1,1,1,1,1,1
0.5,100,linear,1,0.1,0.001185656,0.000485182,0.00045085,0.08,0.08,0.08,0.08,0.92,0.909090909,0.7692307692311.0,0.833333333,0.833333333,0.666666667,1,1,1,1,1,1
0.5,100,linear,1,10,0.000560999,0.000199795,0.000179052,0.08,0.08,0.08,0.08,0.92,0.909090909,0.7692307692311.0,0.833333333,0.833333333,0.666666667,1,1,1,1,1,1
0.5,100,linear,1,100,0.000591755,0.0002141,0.000209093,0.08,0.08,0.08,0.08,0.92,0.909090909,0.7692307692311.0,0.833333333,0.833333333,0.666666667,1,1,1,1,1,1
0.5,100,linear,2,0.1,0.000571012,0.00019908,0.000178814,0.08,0.12,0.08,0.12,0.92,0.909090909,0.7692307692311.0,0.833333333,0.833333333,0.666666667,1,1,1,1,1,1
0.5,100,linear,2,10,0.000592947,0.000200033,0.000178814,0.08,0.12,0.08,0.12,0.92,0.909090909,0.7692307692311.0,0.833333333,0.833333333,0.666666667,1,1,1,1,1,1
0.5,100,linear,2,100,0.000720024,0.000577211,0.00035882,0.08,0.12,0.08,0.12,0.92,0.909090909,0.7692307692311.0,0.833333333,0.833333333,0.666666667,1,1,1,1,1,1
0.5,100,linear,4,0.1,0.000692129,0.000203848,0.000182152,0.04,0.14,0.04,0.14,0.96,1,0.8461538461541.0,0.833333333,0.833333333,0.666666667,1,1,1,1,1,1
0.5,100,linear,4,10,0.000687838,0.000200987,0.00018096,0.04,0.14,0.04,0.14,0.96,1,0.8461538461541.0,0.833333333,0.833333333,0.666666667,1,1,1,1,1,1
0.5,100,linear,4,100,0.001818895,0.000592947,0.000394106,0.04,0.14,0.04,0.14,0.96,1,0.8461538461541.0,0.833333333,0.833333333,0.666666667,1,1,1,1,1,1
0.5,100,linear,8,0.1,0.001014948,0.00020504,0.000181913,0.04,0.16,0.04,0.16,0.96,1,0.8461538461541.0,0.833333333,0.833333333,0.666666667,1,1,1,1,1,1
0.5,100,linear,8,10,0.001142025,0.000221014,0.000190973,0.04,0.16,0.04,0.16,0.96,1,0.8461538461541.0,0.833333333,0.833333333,0.666666667,1,1,1,1,1,1
0.5,100,linear,8,100,0.001019955,0.000201941,0.000180006,0.04,0.16,0.04,0.16,0.96,1,0.8461538461541.0,0.833333333,0.833333333,0.666666667,1,1,1,1,1,1
0.5,100,rbf,1,0.1,0.000576973,0.000248909,0.00022912,0.04,0.06,0.04,0.06,0.96,1,0.8461538461540.833333333333,0.833333333,0.833333333,0.833333333,1,1,1,1,1,1
0.5,100,rbf,1,10,0.000637054,0.000244856,0.00022316,0,0.08,0,0.08,1,1,1.00.833333333333,0.833333333,0.833333333,0.833333333,1,1,1,1,1,1
0.5,100,rbf,1,100,0.000564814,0.000230074,0.000205755,0,0.08,0,0.08,1,1,1.00.833333333333,0.833333333,0.833333333,0.833333333,1,1,1,1,1,1
0.5,100,rbf,2,0.1,0.000586033,0.000233889,0.000212193,0.02,0.1,0.02,0.1,0.98,1,0.9230769230770.833333333333,0.833333333,0.833333333,0.833333333,1,1,1,1,1,1
0.5,100,rbf,2,10,0.000700951,0.000249863,0.000226974,0,0.08,0,0.08,1,1,1.00.833333333333,0.833333333,0.833333333,0.833333333,1,1,1,1,1,1
0.5,100,rbf,2,100,0.00058794,0.000231028,0.000206947,0,0.08,0,0.08,1,1,1.00.833333333333,0.833333333,0.833333333,0.833333333,1,1,1,1,1,1
0.5,100,rbf,4,0.1,0.000588894,0.000231028,0.000212908,0,0.12,0,0.12,1,1,1.00.833333333333,0.833333333,0.833333333,0.833333333,1,1,1,1,1,1
0.5,100,rbf,4,10,0.000591755,0.00024128,0.000222921,0,0.08,0,0.08,1,1,1.00.833333333333,0.833333333,0.833333333,0.833333333,1,1,1,1,1,1
0.5,100,rbf,4,100,0.000952959,0.000247955,0.000211,0,0.08,0,0.08,1,1,1.00.833333333333,0.833333333,0.833333333,0.833333333,1,1,1,1,1,1
0.5,100,rbf,8,0.1,0.000679255,0.000267744,0.000245094,0,0.12,0,0.12,1,1,1.00.833333333333,0.833333333,0.833333333,0.833333333,1,1,1,1,1,1
0.5,100,rbf,8,10,0.000997305,0.000304937,0.000231028,0,0.08,0,0.08,1,1,1.00.833333333333,0.833333333,0.833333333,0.833333333,1,1,1,1,1,1
0.5,100,rbf,8,100,0.000645876,0.000231266,0.000221968,0,0.08,0,0.08,1,1,1.00.833333333333,0.833333333,0.833333333,0.833333333,1,1,1,1,1,1
0.5,100,poly,1,0.1,0.000596046,0.000232935,0.000209808,0.08,0.04,0.08,0.04,0.92,1,0.6923076923081.0,0.833333333,0.833333333,0.666666667,1,1,1,1,1,1
0.5,100,poly,1,10,0.000582933,0.000212908,0.000193119,0,0.2,0,0.2,1,1,1.01.0,0.833333333,0.833333333,0.666666667,1,1,1,1,1,1
0.5,100,poly,1,100,0.000576019,0.000211,0.000189304,0,0.2,0,0.2,1,1,1.01.0,0.833333333,0.833333333,0.666666667,1,1,1,1,1,1
0.5,100,poly,2,0.1,0.000751257,0.000227928,0.000193119,0.04,0.1,0.04,0.1,0.96,1,0.8461538461541.0,0.833333333,0.833333333,0.666666667,1,1,1,1,1,1
0.5,100,poly,2,10,0.000572205,0.000210047,0.000190973,0,0.2,0,0.2,1,1,1.01.0,0.833333333,0.833333333,0.666666667,1,1,1,1,1,1
0.5,100,poly,2,100,0.000583172,0.000214815,0.000195026,0,0.2,0,0.2,1,1,1.01.0,0.833333333,0.833333333,0.666666667,1,1,1,1,1,1
0.5,100,poly,4,0.1,0.000594139,0.0002141,0.00019598,0.02,0.16,0.02,0.16,0.98,1,0.9230769230771.0,0.833333333,0.833333333,0.666666667,1,1,1,1,1,1
0.5,100,poly,4,10,0.000596046,0.000268221,0.000193596,0,0.2,0,0.2,1,1,1.01.0,0.833333333,0.833333333,0.666666667,1,1,1,1,1,1
0.5,100,poly,4,100,0.000571012,0.000214815,0.000193119,0,0.2,0,0.2,1,1,1.01.0,0.833333333,0.833333333,0.666666667,1,1,1,1,1,1
0.5,100,poly,8,0.1,0.000584841,0.0002141,0.000193119,0,0.2,0,0.2,1,1,1.01.0,0.833333333,0.833333333,0.666666667,1,1,1,1,1,1
0.5,100,poly,8,10,0.000571966,0.000211,0.000191927,0,0.2,0,0.2,1,1,1.01.0,0.833333333,0.833333333,0.666666667,1,1,1,1,1,1
0.5,100,poly,8,100,0.000571012,0.000212908,0.000192165,0,0.2,0,0.2,1,1,1.01.0,0.833333333,0.833333333,0.666666667,1,1,1,1,1,1
0.2,500,linear,1,0.1,0.003494978,0.001799107,0.000492096,0.105,0.11,0.105,0.11,0.895,0,0.00.909090909091,0.8,0.9,0.9,0.8,0.9,0.9,0.9,1,0.777777778
0.2,500,linear,1,10,0.003186941,0.001672983,0.000513077,0.105,0.11,0.105,0.11,0.895,0,0.00.909090909091,0.8,0.9,0.9,0.8,0.9,0.9,0.9,1,0.777777778
0.2,500,linear,1,100,0.003930807,0.002298832,0.000482082,0.105,0.11,0.105,0.11,0.895,0,0.00.909090909091,0.8,0.9,0.9,0.8,0.9,0.9,0.9,1,0.777777778
0.2,500,linear,2,0.1,0.003996849,0.001779079,0.000488997,0.105,0.11,0.105,0.11,0.895,0,0.00.909090909091,0.8,0.8,0.9,0.8,0.9,0.9,0.8,1,0.888888889
0.2,500,linear,2,10,0.005360126,0.001896858,0.000494242,0.105,0.11,0.105,0.11,0.895,0,0.00.909090909091,0.8,0.8,0.9,0.8,0.9,0.9,0.8,1,0.888888889
0.2,500,linear,2,100,0.004425764,0.001972914,0.000525951,0.105,0.11,0.105,0.11,0.895,0,0.00.909090909091,0.8,0.8,0.9,0.8,0.9,0.9,0.8,1,0.888888889
0.2,500,linear,4,0.1,0.006392956,0.002043962,0.000557184,0.105,0.11,0.105,0.11,0.895,0,0.00.909090909091,0.8,0.8,0.9,0.8,0.9,0.9,0.7,1,0.888888889
0.2,500,linear,4,10,0.005457878,0.001784086,0.000487089,0.105,0.11,0.105,0.11,0.895,0,0.00.909090909091,0.8,0.8,0.9,0.8,0.9,0.9,0.7,1,0.888888889
0.2,500,linear,4,100,0.006976128,0.002093792,0.00104928,0.105,0.11,0.105,0.11,0.895,0,0.00.909090909091,0.8,0.8,0.9,0.8,0.9,0.9,0.7,1,0.888888889
0.2,500,linear,8,0.1,0.010743141,0.001933098,0.001811028,0.105,0.11,0.105,0.11,0.895,0,0.00.909090909091,0.8,0.8,0.9,0.8,0.9,0.9,0.7,1,0.888888889
0.2,500,linear,8,10,0.011633158,0.001967907,0.001271963,0.105,0.11,0.105,0.11,0.895,0,0.00.909090909091,0.8,0.8,0.9,0.8,0.9,0.9,0.7,1,0.888888889
0.2,500,linear,8,100,0.011915922,0.002007961,0.001121044,0.105,0.11,0.105,0.11,0.895,0,0.00.909090909091,0.8,0.8,0.9,0.8,0.9,0.9,0.7,1,0.888888889
0.2,500,rbf,1,0.1,0.003722906,0.002587318,0.000699043,0.07,0.11,0.07,0.11,0.93,1,0.3333333333330.818181818182,0.9,0.9,0.9,0.9,0.9,0.9,0.9,0.9,0.888888889
0.2,500,rbf,1,10,0.009855032,0.007120848,0.001544952,0,0.11,0,0.11,1,1,1.00.818181818182,0.9,0.9,0.9,0.9,0.9,0.9,0.9,0.9,0.888888889
0.2,500,rbf,1,100,0.00719285,0.003812075,0.000990868,0,0.11,0,0.11,1,1,1.00.818181818182,0.9,0.9,0.9,0.9,0.9,0.9,0.9,0.9,0.888888889
0.2,500,rbf,2,0.1,0.005210876,0.00259614,0.000702858,0.035,0.1,0.035,0.1,0.965,1,0.6666666666670.909090909091,1,0.9,0.9,0.9,0.9,0.9,0.9,0.9,0.888888889
0.2,500,rbf,2,10,0.011276722,0.004900217,0.001256943,0,0.11,0,0.11,1,1,1.00.818181818182,0.9,0.9,0.9,0.9,0.9,0.9,0.9,0.9,0.888888889
0.2,500,rbf,2,100,0.009125233,0.004476786,0.001324892,0,0.11,0,0.11,1,1,1.00.818181818182,0.9,0.9,0.9,0.9,0.9,0.9,0.9,0.9,0.888888889
0.2,500,rbf,4,0.1,0.005292892,0.002529144,0.001257896,0.01,0.11,0.01,0.11,0.99,1,0.9047619047620.909090909091,1,0.9,0.9,0.9,0.9,0.9,0.9,0.9,0.888888889
0.2,500,rbf,4,10,0.012942076,0.004907608,0.001288176,0,0.11,0,0.11,1,1,1.00.818181818182,0.9,0.9,0.9,0.9,0.9,0.9,0.9,0.9,0.888888889
0.2,500,rbf,4,100,0.007985353,0.003866911,0.000993967,0,0.11,0,0.11,1,1,1.00.818181818182,0.9,0.9,0.9,0.9,0.9,0.9,0.9,0.9,0.888888889
0.2,500,rbf,8,0.1,0.005159855,0.002527952,0.001262903,0.0025,0.1,0.0025,0.1,0.9975,1,0.976190476190.909090909091,1,0.9,0.9,0.9,0.9,0.9,0.9,0.9,0.888888889
0.2,500,rbf,8,10,0.011136055,0.006280899,0.001976728,0,0.11,0,0.11,1,1,1.00.818181818182,0.9,0.9,0.9,0.9,0.9,0.9,0.9,0.9,0.888888889
0.2,500,rbf,8,100,0.009226084,0.003949881,0.001107931,0,0.11,0,0.11,1,1,1.00.818181818182,0.9,0.9,0.9,0.9,0.9,0.9,0.9,0.9,0.888888889
0.2,500,poly,1,0.1,0.004216909,0.001774073,0.000468016,0.035,0.09,0.035,0.09,0.965,1,0.6666666666670.909090909091,0.9,0.9,0.9,0.9,0.9,0.9,0.8,1,0.888888889
0.2,500,poly,1,10,0.003665209,0.001749754,0.000461102,0,0.18,0,0.18,1,1,1.00.818181818182,1,0.9,0.9,0.5,0.9,0.8,0.7,1,0.777777778
0.2,500,poly,1,100,0.003656864,0.001740217,0.00048995,0,0.18,0,0.18,1,1,1.00.818181818182,1,0.9,0.9,0.5,0.9,0.8,0.7,1,0.777777778
0.2,500,poly,2,0.1,0.003242016,0.001652002,0.000463009,0.02,0.12,0.02,0.12,0.98,1,0.8095238095240.909090909091,1,0.9,0.9,0.9,0.9,0.9,0.8,1,0.888888889
0.2,500,poly,2,10,0.003661156,0.001703024,0.000476122,0,0.18,0,0.18,1,1,1.00.818181818182,1,0.9,0.9,0.5,0.9,0.8,0.7,1,0.777777778
0.2,500,poly,2,100,0.003951788,0.001875877,0.000485182,0,0.18,0,0.18,1,1,1.00.818181818182,1,0.9,0.9,0.5,0.9,0.8,0.7,1,0.777777778
0.2,500,poly,4,0.1,0.004308224,0.001691818,0.000458956,0.005,0.13,0.005,0.13,0.995,1,0.9523809523811.0,0.9,0.9,0.9,0.9,0.9,0.9,0.8,1,0.888888889
0.2,500,poly,4,10,0.005218029,0.001851797,0.000879049,0,0.18,0,0.18,1,1,1.00.818181818182,1,0.9,0.9,0.5,0.9,0.8,0.7,1,0.777777778
0.2,500,poly,4,100,0.00366497,0.001707077,0.000475883,0,0.18,0,0.18,1,1,1.00.818181818182,1,0.9,0.9,0.5,0.9,0.8,0.7,1,0.777777778
0.2,500,poly,8,0.1,0.00378108,0.00169301,0.00046587,0.0025,0.17,0.0025,0.17,0.9975,1,0.976190476191.0,0.9,0.9,0.9,0.9,0.9,0.9,0.8,1,0.888888889
0.2,500,poly,8,10,0.003602982,0.001737118,0.00048995,0,0.18,0,0.18,1,1,1.00.818181818182,1,0.9,0.9,0.5,0.9,0.8,0.7,1,0.777777778
0.2,500,poly,8,100,0.003586054,0.001701117,0.000478983,0,0.18,0,0.18,1,1,1.00.818181818182,1,0.9,0.9,0.5,0.9,0.8,0.7,1,0.777777778
0.4,500,linear,1,0.1,0.005059719,0.001107216,0.000673056,0.086666667,0.125,0.086666667,0.125,0.913333333,0.75,0.1071428571430.809523809524,0.904761905,0.904761905,0.857142857,0.857142857,0.842105263,0.894736842,0.789473684,0.894736842,0.894736842
0.4,500,linear,1,10,0.006189823,0.001134157,0.000739098,0.086666667,0.125,0.086666667,0.125,0.913333333,0.75,0.1071428571430.809523809524,0.904761905,0.904761905,0.857142857,0.857142857,0.842105263,0.894736842,0.789473684,0.894736842,0.894736842
0.4,500,linear,1,100,0.005162001,0.001611948,0.000735044,0.086666667,0.125,0.086666667,0.125,0.913333333,0.75,0.1071428571430.809523809524,0.904761905,0.904761905,0.857142857,0.857142857,0.842105263,0.894736842,0.789473684,0.894736842,0.894736842
0.4,500,linear,2,0.1,0.003999949,0.001089096,0.00073123,0.086666667,0.125,0.086666667,0.125,0.913333333,0.75,0.1071428571430.809523809524,0.904761905,0.904761905,0.857142857,0.857142857,0.842105263,0.894736842,0.789473684,0.894736842,0.894736842
0.4,500,linear,2,10,0.004040003,0.001085043,0.000668049,0.086666667,0.125,0.086666667,0.125,0.913333333,0.75,0.1071428571430.809523809524,0.904761905,0.904761905,0.857142857,0.857142857,0.842105263,0.894736842,0.789473684,0.894736842,0.894736842
0.4,500,linear,2,100,0.005221128,0.001128197,0.000772715,0.086666667,0.125,0.086666667,0.125,0.913333333,0.75,0.1071428571430.809523809524,0.904761905,0.904761905,0.857142857,0.857142857,0.842105263,0.894736842,0.789473684,0.894736842,0.894736842
0.4,500,linear,4,0.1,0.00724721,0.001112938,0.0007689,0.086666667,0.115,0.086666667,0.115,0.913333333,0.75,0.1071428571430.809523809524,0.904761905,0.904761905,0.904761905,0.857142857,0.842105263,0.894736842,0.789473684,0.842105263,0.894736842
0.4,500,linear,4,10,0.005965233,0.001008749,0.000656128,0.086666667,0.115,0.086666667,0.115,0.913333333,0.75,0.1071428571430.809523809524,0.904761905,0.904761905,0.904761905,0.857142857,0.842105263,0.894736842,0.789473684,0.842105263,0.894736842
0.4,500,linear,4,100,0.005785942,0.001078844,0.000725985,0.086666667,0.115,0.086666667,0.115,0.913333333,0.75,0.1071428571430.809523809524,0.904761905,0.904761905,0.904761905,0.857142857,0.842105263,0.894736842,0.789473684,0.842105263,0.894736842
0.4,500,linear,8,0.1,0.009734154,0.001052141,0.000656843,0.086666667,0.115,0.086666667,0.115,0.913333333,0.75,0.1071428571430.809523809524,0.904761905,0.904761905,0.904761905,0.857142857,0.842105263,0.894736842,0.789473684,0.842105263,0.894736842
0.4,500,linear,8,10,0.010604143,0.001066923,0.000666857,0.086666667,0.115,0.086666667,0.115,0.913333333,0.75,0.1071428571430.809523809524,0.904761905,0.904761905,0.904761905,0.857142857,0.842105263,0.894736842,0.789473684,0.842105263,0.894736842
0.4,500,linear,8,100,0.010353088,0.001123905,0.000732183,0.086666667,0.115,0.086666667,0.115,0.913333333,0.75,0.1071428571430.809523809524,0.904761905,0.904761905,0.904761905,0.857142857,0.842105263,0.894736842,0.789473684,0.842105263,0.894736842
0.4,500,rbf,1,0.1,0.002461195,0.00158906,0.001058102,0.06,0.12,0.06,0.12,0.94,1,0.3571428571430.857142857143,0.857142857,0.857142857,0.857142857,0.904761905,0.842105263,0.894736842,0.894736842,0.894736842,0.894736842
0.4,500,rbf,1,10,0.007313967,0.003654003,0.002038002,0,0.125,0,0.125,1,1,1.00.857142857143,0.857142857,0.857142857,0.857142857,0.857142857,0.894736842,0.894736842,0.894736842,0.894736842,0.894736842
0.4,500,rbf,1,100,0.004051924,0.002309084,0.001547813,0,0.125,0,0.125,1,1,1.00.857142857143,0.857142857,0.857142857,0.857142857,0.857142857,0.894736842,0.894736842,0.894736842,0.894736842,0.894736842
0.4,500,rbf,2,0.1,0.003138065,0.001595736,0.001069069,0.016666667,0.12,0.016666667,0.12,0.983333333,1,0.8214285714290.904761904762,0.904761905,0.857142857,0.80952381,0.904761905,0.789473684,0.894736842,0.894736842,0.947368421,0.947368421
0.4,500,rbf,2,10,0.007128,0.003628731,0.002032042,0,0.125,0,0.125,1,1,1.00.857142857143,0.857142857,0.857142857,0.857142857,0.857142857,0.894736842,0.894736842,0.894736842,0.894736842,0.894736842
0.4,500,rbf,2,100,0.00412488,0.002419949,0.00165391,0,0.125,0,0.125,1,1,1.00.857142857143,0.857142857,0.857142857,0.857142857,0.857142857,0.894736842,0.894736842,0.894736842,0.894736842,0.894736842
0.4,500,rbf,4,0.1,0.003345728,0.001565933,0.001061201,0.01,0.115,0.01,0.115,0.99,1,0.8928571428570.952380952381,0.904761905,0.857142857,0.857142857,0.952380952,0.842105263,0.894736842,0.894736842,0.947368421,0.894736842
0.4,500,rbf,4,10,0.00887394,0.003311872,0.004350901,0,0.125,0,0.125,1,1,1.00.857142857143,0.857142857,0.857142857,0.857142857,0.857142857,0.894736842,0.894736842,0.894736842,0.894736842,0.894736842
0.4,500,rbf,4,100,0.005256891,0.002383709,0.001817942,0,0.125,0,0.125,1,1,1.00.857142857143,0.857142857,0.857142857,0.857142857,0.857142857,0.894736842,0.894736842,0.894736842,0.894736842,0.894736842
0.4,500,rbf,8,0.1,0.002937794,0.001648188,0.001060963,0.003333333,0.125,0.003333333,0.125,0.996666667,1,0.9642857142860.952380952381,0.904761905,0.80952381,0.857142857,0.952380952,0.842105263,0.894736842,0.842105263,0.947368421,0.894736842
0.4,500,rbf,8,10,0.006156206,0.004169941,0.002058983,0,0.125,0,0.125,1,1,1.00.857142857143,0.857142857,0.857142857,0.857142857,0.857142857,0.894736842,0.894736842,0.894736842,0.894736842,0.894736842
0.4,500,rbf,8,100,0.005614996,0.002439976,0.001639843,0,0.125,0,0.125,1,1,1.00.857142857143,0.857142857,0.857142857,0.857142857,0.857142857,0.894736842,0.894736842,0.894736842,0.894736842,0.894736842
0.4,500,poly,1,0.1,0.001966715,0.002170324,0.001323938,0.026666667,0.135,0.026666667,0.135,0.973333333,1,0.7142857142860.904761904762,0.904761905,0.857142857,0.857142857,0.904761905,0.789473684,0.894736842,0.894736842,0.894736842,0.894736842
0.4,500,poly,1,10,0.003642082,0.002352953,0.001274109,0,0.16,0,0.16,1,1,1.00.761904761905,0.857142857,0.80952381,0.761904762,0.857142857,0.894736842,0.894736842,0.894736842,0.842105263,0.842105263
0.4,500,poly,1,100,0.00207901,0.001099825,0.000735044,0,0.16,0,0.16,1,1,1.00.761904761905,0.857142857,0.80952381,0.761904762,0.857142857,0.894736842,0.894736842,0.894736842,0.842105263,0.842105263
0.4,500,poly,2,0.1,0.002676964,0.001776934,0.000856161,0.013333333,0.13,0.013333333,0.13,0.986666667,1,0.8571428571430.809523809524,0.904761905,0.857142857,0.857142857,0.904761905,0.842105263,0.894736842,0.894736842,0.894736842,0.842105263
0.4,500,poly,2,10,0.002743959,0.00117898,0.001190901,0,0.16,0,0.16,1,1,1.00.761904761905,0.857142857,0.80952381,0.761904762,0.857142857,0.894736842,0.894736842,0.894736842,0.842105263,0.842105263
0.4,500,poly,2,100,0.002803087,0.001264095,0.000797749,0,0.16,0,0.16,1,1,1.00.761904761905,0.857142857,0.80952381,0.761904762,0.857142857,0.894736842,0.894736842,0.894736842,0.842105263,0.842105263
0.4,500,poly,4,0.1,0.003192663,0.00116396,0.000755072,0.003333333,0.14,0.003333333,0.14,0.996666667,1,0.9642857142860.761904761905,0.857142857,0.80952381,0.857142857,0.904761905,0.842105263,0.894736842,0.789473684,0.894736842,0.842105263
0.4,500,poly,4,10,0.002206802,0.001293898,0.001458883,0,0.16,0,0.16,1,1,1.00.761904761905,0.857142857,0.80952381,0.761904762,0.857142857,0.894736842,0.894736842,0.894736842,0.842105263,0.842105263
0.4,500,poly,4,100,0.004350901,0.001194,0.000781059,0,0.16,0,0.16,1,1,1.00.761904761905,0.857142857,0.80952381,0.761904762,0.857142857,0.894736842,0.894736842,0.894736842,0.842105263,0.842105263
0.4,500,poly,8,0.1,0.00232482,0.001464128,0.001424789,0,0.155,0,0.155,1,1,1.00.809523809524,0.857142857,0.80952381,0.857142857,0.904761905,0.842105263,0.894736842,0.842105263,0.894736842,0.789473684
0.4,500,poly,8,10,0.003767014,0.001140833,0.000772953,0,0.16,0,0.16,1,1,1.00.761904761905,0.857142857,0.80952381,0.761904762,0.857142857,0.894736842,0.894736842,0.894736842,0.842105263,0.842105263
0.4,500,poly,8,100,0.00200963,0.001094103,0.001462936,0,0.16,0,0.16,1,1,1.00.761904761905,0.857142857,0.80952381,0.761904762,0.857142857,0.894736842,0.894736842,0.894736842,0.842105263,0.842105263
0.5,500,linear,1,0.1,0.004158974,0.000866175,0.000793695,0.092,0.112,0.092,0.112,0.908,0.571428571,0.1666666666670.884615384615,0.92,0.92,0.88,0.84,0.84,0.92,0.88,0.84,0.916666667
0.5,500,linear,1,10,0.002885818,0.000890255,0.000892878,0.092,0.112,0.092,0.112,0.908,0.571428571,0.1666666666670.884615384615,0.92,0.92,0.88,0.84,0.84,0.92,0.88,0.84,0.916666667
0.5,500,linear,1,100,0.002878904,0.000911951,0.001151085,0.092,0.112,0.092,0.112,0.908,0.571428571,0.1666666666670.884615384615,0.92,0.92,0.88,0.84,0.84,0.92,0.88,0.84,0.916666667
0.5,500,linear,2,0.1,0.004214048,0.000936985,0.000813007,0.092,0.112,0.092,0.112,0.908,0.571428571,0.1666666666670.884615384615,0.92,0.92,0.88,0.84,0.84,0.92,0.84,0.84,0.916666667
0.5,500,linear,2,10,0.004094839,0.000877142,0.000808239,0.092,0.112,0.092,0.112,0.908,0.571428571,0.1666666666670.884615384615,0.92,0.92,0.88,0.84,0.84,0.92,0.84,0.84,0.916666667
0.5,500,linear,2,100,0.004710913,0.000975847,0.000934124,0.092,0.112,0.092,0.112,0.908,0.571428571,0.1666666666670.884615384615,0.92,0.92,0.88,0.84,0.84,0.92,0.84,0.84,0.916666667
0.5,500,linear,4,0.1,0.004560947,0.000943899,0.000781059,0.088,0.112,0.088,0.112,0.912,0.666666667,0.1666666666670.884615384615,0.92,0.92,0.88,0.84,0.84,0.92,0.84,0.84,0.916666667
0.5,500,linear,4,10,0.004666805,0.000887156,0.00078702,0.088,0.112,0.088,0.112,0.912,0.666666667,0.1666666666670.884615384615,0.92,0.92,0.88,0.84,0.84,0.92,0.84,0.84,0.916666667
0.5,500,linear,4,100,0.004345179,0.000847816,0.000801086,0.088,0.112,0.088,0.112,0.912,0.666666667,0.1666666666670.884615384615,0.92,0.92,0.88,0.84,0.84,0.92,0.84,0.84,0.916666667
0.5,500,linear,8,0.1,0.009941816,0.000881195,0.000780582,0.084,0.12,0.084,0.12,0.916,0.8,0.1666666666670.884615384615,0.92,0.92,0.88,0.84,0.84,0.92,0.84,0.84,0.916666667
0.5,500,linear,8,10,0.0107131,0.00080204,0.000771761,0.084,0.12,0.084,0.12,0.916,0.8,0.1666666666670.884615384615,0.92,0.92,0.88,0.84,0.84,0.92,0.84,0.84,0.916666667
0.5,500,linear,8,100,0.009930372,0.000816822,0.00078392,0.084,0.12,0.084,0.12,0.916,0.8,0.1666666666670.884615384615,0.92,0.92,0.88,0.84,0.84,0.92,0.84,0.84,0.916666667
0.5,500,rbf,1,0.1,0.001936197,0.001284838,0.001363039,0.056,0.108,0.056,0.108,0.944,1,0.4166666666670.884615384615,0.88,0.88,0.84,0.88,0.88,0.88,0.88,0.88,0.916666667
0.5,500,rbf,1,10,0.004460812,0.002161026,0.002102137,0,0.116,0,0.116,1,1,1.00.884615384615,0.88,0.88,0.88,0.88,0.88,0.88,0.88,0.88,0.916666667
0.5,500,rbf,1,100,0.003159761,0.00171423,0.001695395,0,0.116,0,0.116,1,1,1.00.884615384615,0.88,0.88,0.88,0.88,0.88,0.88,0.88,0.88,0.916666667
0.5,500,rbf,2,0.1,0.002117157,0.001289845,0.001245975,0.012,0.112,0.012,0.112,0.988,1,0.8750.923076923077,0.92,0.88,0.8,0.88,0.92,0.88,0.92,0.88,0.916666667
0.5,500,rbf,2,10,0.004464149,0.002146006,0.002112865,0,0.116,0,0.116,1,1,1.00.884615384615,0.88,0.88,0.88,0.88,0.88,0.88,0.88,0.88,0.916666667
0.5,500,rbf,2,100,0.003521919,0.002049923,0.001752853,0,0.116,0,0.116,1,1,1.00.884615384615,0.88,0.88,0.88,0.88,0.88,0.88,0.88,0.88,0.916666667
0.5,500,rbf,4,0.1,0.002047062,0.001328945,0.001296282,0.008,0.108,0.008,0.108,0.992,1,0.9166666666670.961538461538,0.92,0.88,0.8,0.88,0.92,0.88,0.92,0.88,0.916666667
0.5,500,rbf,4,10,0.004937172,0.002490759,0.003262997,0,0.116,0,0.116,1,1,1.00.884615384615,0.88,0.88,0.88,0.88,0.88,0.88,0.88,0.88,0.916666667
0.5,500,rbf,4,100,0.003090143,0.001760006,0.001708031,0,0.116,0,0.116,1,1,1.00.884615384615,0.88,0.88,0.88,0.88,0.88,0.88,0.88,0.88,0.916666667
0.5,500,rbf,8,0.1,0.002580166,0.002328157,0.001723051,0.004,0.116,0.004,0.116,0.996,1,0.9583333333330.961538461538,0.92,0.88,0.8,0.88,0.92,0.84,0.92,0.88,0.875
0.5,500,rbf,8,10,0.004389763,0.002144098,0.002172232,0,0.116,0,0.116,1,1,1.00.884615384615,0.88,0.88,0.88,0.88,0.88,0.88,0.88,0.88,0.916666667
0.5,500,rbf,8,100,0.003164053,0.001706123,0.001686811,0,0.116,0,0.116,1,1,1.00.884615384615,0.88,0.88,0.88,0.88,0.88,0.88,0.88,0.88,0.916666667
0.5,500,poly,1,0.1,0.00188899,0.000936985,0.00090766,0.016,0.12,0.016,0.12,0.984,1,0.8333333333330.846153846154,0.92,0.84,0.88,0.84,0.92,0.92,0.88,0.84,0.916666667
0.5,500,poly,1,10,0.001912832,0.000954151,0.00107789,0,0.132,0,0.132,1,1,1.00.807692307692,0.84,0.84,0.72,0.92,0.88,0.8,0.84,0.92,0.833333333
0.5,500,poly,1,100,0.001899958,0.000998259,0.000975847,0,0.132,0,0.132,1,1,1.00.807692307692,0.84,0.84,0.72,0.92,0.88,0.8,0.84,0.92,0.833333333
0.5,500,poly,2,0.1,0.001852989,0.002217054,0.001275063,0.016,0.116,0.016,0.116,0.984,1,0.8333333333330.846153846154,0.88,0.84,0.88,0.88,0.92,0.92,0.88,0.88,0.916666667
0.5,500,poly,2,10,0.001769781,0.001321077,0.000944853,0,0.132,0,0.132,1,1,1.00.807692307692,0.84,0.84,0.72,0.92,0.88,0.8,0.84,0.92,0.833333333
0.5,500,poly,2,100,0.00186801,0.000937939,0.000916958,0,0.132,0,0.132,1,1,1.00.807692307692,0.84,0.84,0.72,0.92,0.88,0.8,0.84,0.92,0.833333333
0.5,500,poly,4,0.1,0.001842737,0.000952005,0.000953197,0.004,0.132,0.004,0.132,0.996,1,0.9583333333330.846153846154,0.84,0.84,0.84,0.88,0.92,0.84,0.88,0.92,0.875
0.5,500,poly,4,10,0.001756191,0.000998974,0.000933886,0,0.132,0,0.132,1,1,1.00.807692307692,0.84,0.84,0.72,0.92,0.88,0.8,0.84,0.92,0.833333333
0.5,500,poly,4,100,0.001650095,0.000935793,0.000916004,0,0.132,0,0.132,1,1,1.00.807692307692,0.84,0.84,0.72,0.92,0.88,0.8,0.84,0.92,0.833333333
0.5,500,poly,8,0.1,0.004997969,0.00099206,0.001034021,0,0.136,0,0.136,1,1,1.00.884615384615,0.84,0.88,0.8,0.88,0.92,0.84,0.88,0.92,0.875
0.5,500,poly,8,10,0.001885891,0.000917912,0.000858068,0,0.132,0,0.132,1,1,1.00.807692307692,0.84,0.84,0.72,0.92,0.88,0.8,0.84,0.92,0.833333333
0.5,500,poly,8,100,0.001626968,0.000944853,0.000926018,0,0.132,0,0.132,1,1,1.00.807692307692,0.84,0.84,0.72,0.92,0.88,0.8,0.84,0.92,0.833333333
0.2,1000,linear,1,0.1,0.012554169,0.00400424,0.001037121,0.10125,0.1,0.10125,0.1,0.89875,0.675,0.2842105263160.904761904762,0.761904762,0.80952381,0.857142857,0.85,0.75,0.894736842,0.894736842,0.894736842,0.894736842
0.2,1000,linear,1,10,0.013463974,0.004033089,0.001040936,0.10125,0.1,0.10125,0.1,0.89875,0.675,0.2842105263160.904761904762,0.761904762,0.80952381,0.857142857,0.85,0.75,0.894736842,0.894736842,0.894736842,0.894736842
0.2,1000,linear,1,100,0.012485266,0.004495144,0.002151966,0.10125,0.1,0.10125,0.1,0.89875,0.675,0.2842105263160.904761904762,0.761904762,0.80952381,0.857142857,0.85,0.75,0.894736842,0.894736842,0.894736842,0.894736842
0.2,1000,linear,2,0.1,0.023441792,0.004016161,0.001043797,0.10125,0.1,0.10125,0.1,0.89875,0.675,0.2842105263160.952380952381,0.761904762,0.761904762,0.857142857,0.85,0.75,0.842105263,0.894736842,0.947368421,0.894736842
0.2,1000,linear,2,10,0.021876097,0.004012108,0.001038074,0.10125,0.1,0.10125,0.1,0.89875,0.675,0.2842105263160.952380952381,0.761904762,0.761904762,0.857142857,0.85,0.75,0.842105263,0.894736842,0.947368421,0.894736842
0.2,1000,linear,2,100,0.023540974,0.00462389,0.001204967,0.10125,0.1,0.10125,0.1,0.89875,0.675,0.2842105263160.952380952381,0.761904762,0.761904762,0.857142857,0.85,0.75,0.842105263,0.894736842,0.947368421,0.894736842
0.2,1000,linear,4,0.1,0.033545017,0.004157066,0.001038074,0.1,0.095,0.1,0.095,0.9,0.682926829,0.2947368421050.952380952381,0.761904762,0.761904762,0.857142857,0.85,0.75,0.842105263,0.894736842,0.947368421,0.894736842
0.2,1000,linear,4,10,0.030755043,0.004104853,0.001748085,0.1,0.095,0.1,0.095,0.9,0.682926829,0.2947368421050.952380952381,0.761904762,0.761904762,0.857142857,0.85,0.75,0.842105263,0.894736842,0.947368421,0.894736842
0.2,1000,linear,4,100,0.029013872,0.004022121,0.001040936,0.1,0.095,0.1,0.095,0.9,0.682926829,0.2947368421050.952380952381,0.761904762,0.761904762,0.857142857,0.85,0.75,0.842105263,0.894736842,0.947368421,0.894736842
0.2,1000,linear,8,0.1,0.056522846,0.003995895,0.001034975,0.1,0.095,0.1,0.095,0.9,0.682926829,0.2947368421050.952380952381,0.761904762,0.761904762,0.857142857,0.85,0.75,0.842105263,0.894736842,0.947368421,0.894736842
0.2,1000,linear,8,10,0.057799816,0.005838156,0.001204014,0.1,0.095,0.1,0.095,0.9,0.682926829,0.2947368421050.952380952381,0.761904762,0.761904762,0.857142857,0.85,0.75,0.842105263,0.894736842,0.947368421,0.894736842
0.2,1000,linear,8,100,0.062129974,0.003984928,0.00102973,0.1,0.095,0.1,0.095,0.9,0.682926829,0.2947368421050.952380952381,0.761904762,0.761904762,0.857142857,0.85,0.75,0.842105263,0.894736842,0.947368421,0.894736842
0.2,1000,rbf,1,0.1,0.010749102,0.007344961,0.001873255,0.06125,0.105,0.06125,0.105,0.93875,1,0.4842105263160.857142857143,0.857142857,0.857142857,0.857142857,0.85,0.85,0.894736842,0.894736842,0.894736842,0.894736842
0.2,1000,rbf,1,10,0.036099911,0.017440081,0.004392862,0,0.13,0,0.13,1,1,1.00.857142857143,0.857142857,0.857142857,0.857142857,0.85,0.85,0.894736842,0.894736842,0.894736842,0.894736842
0.2,1000,rbf,1,100,0.022934914,0.013051033,0.003409863,0,0.13,0,0.13,1,1,1.00.857142857143,0.857142857,0.857142857,0.857142857,0.85,0.85,0.894736842,0.894736842,0.894736842,0.894736842
0.2,1000,rbf,2,0.1,0.012583971,0.008052111,0.002061129,0.03,0.095,0.03,0.095,0.97,1,0.7473684210530.857142857143,0.857142857,0.857142857,0.904761905,0.9,0.8,0.842105263,0.947368421,0.894736842,0.894736842
0.2,1000,rbf,2,10,0.040897131,0.019542694,0.004472017,0,0.13,0,0.13,1,1,1.00.857142857143,0.857142857,0.857142857,0.857142857,0.85,0.85,0.894736842,0.894736842,0.894736842,0.894736842
0.2,1000,rbf,2,100,0.028652191,0.013069153,0.003317833,0,0.13,0,0.13,1,1,1.00.857142857143,0.857142857,0.857142857,0.857142857,0.85,0.85,0.894736842,0.894736842,0.894736842,0.894736842
0.2,1000,rbf,4,0.1,0.013370037,0.007925749,0.001929998,0.01375,0.11,0.01375,0.11,0.98625,1,0.8842105263160.809523809524,0.761904762,0.80952381,0.904761905,0.9,0.75,0.842105263,0.947368421,0.947368421,0.894736842
0.2,1000,rbf,4,10,0.037781954,0.020207167,0.004471779,0,0.13,0,0.13,1,1,1.00.857142857143,0.857142857,0.857142857,0.857142857,0.85,0.85,0.894736842,0.894736842,0.894736842,0.894736842
0.2,1000,rbf,4,100,0.025203943,0.013247013,0.003355742,0,0.13,0,0.13,1,1,1.00.857142857143,0.857142857,0.857142857,0.857142857,0.85,0.85,0.894736842,0.894736842,0.894736842,0.894736842
0.2,1000,rbf,8,0.1,0.013001919,0.008928061,0.002164364,0.0075,0.12,0.0075,0.12,0.9925,1,0.9368421052630.857142857143,0.714285714,0.761904762,0.904761905,1,0.8,0.842105263,0.947368421,0.894736842,0.894736842
0.2,1000,rbf,8,10,0.038383961,0.018279791,0.004698038,0,0.13,0,0.13,1,1,1.00.857142857143,0.857142857,0.857142857,0.857142857,0.85,0.85,0.894736842,0.894736842,0.894736842,0.894736842
0.2,1000,rbf,8,100,0.029197931,0.013868093,0.003534079,0,0.13,0,0.13,1,1,1.00.857142857143,0.857142857,0.857142857,0.857142857,0.85,0.85,0.894736842,0.894736842,0.894736842,0.894736842
0.2,1000,poly,1,0.1,0.01059103,0.004892826,0.001229048,0.03375,0.12,0.03375,0.12,0.96625,1,0.7157894736840.857142857143,0.80952381,0.857142857,0.857142857,0.85,0.8,0.842105263,0.947368421,1,0.947368421
0.2,1000,poly,1,10,0.014350653,0.00463891,0.001112223,0,0.185,0,0.185,1,1,1.00.666666666667,0.761904762,0.857142857,0.80952381,0.95,0.85,0.789473684,0.947368421,0.736842105,0.894736842
0.2,1000,poly,1,100,0.014853001,0.004414797,0.001087189,0,0.185,0,0.185,1,1,1.00.666666666667,0.761904762,0.857142857,0.80952381,0.95,0.85,0.789473684,0.947368421,0.736842105,0.894736842
0.2,1000,poly,2,0.1,0.011317968,0.004405022,0.001130819,0.01625,0.12,0.01625,0.12,0.98375,1,0.8631578947370.857142857143,0.80952381,0.80952381,0.857142857,0.9,0.8,0.842105263,0.894736842,0.947368421,0.947368421
0.2,1000,poly,2,10,0.014288187,0.006551027,0.00128293,0,0.185,0,0.185,1,1,1.00.666666666667,0.761904762,0.857142857,0.80952381,0.95,0.85,0.789473684,0.947368421,0.736842105,0.894736842
0.2,1000,poly,2,100,0.014830112,0.005779982,0.001299858,0,0.185,0,0.185,1,1,1.00.666666666667,0.761904762,0.857142857,0.80952381,0.95,0.85,0.789473684,0.947368421,0.736842105,0.894736842
0.2,1000,poly,4,0.1,0.011209011,0.004424334,0.001150846,0.0125,0.115,0.0125,0.115,0.9875,1,0.8947368421050.761904761905,0.761904762,0.80952381,0.904761905,1,0.8,0.842105263,0.894736842,0.842105263,0.894736842
0.2,1000,poly,4,10,0.013744116,0.004141808,0.001078844,0,0.185,0,0.185,1,1,1.00.666666666667,0.761904762,0.857142857,0.80952381,0.95,0.85,0.789473684,0.947368421,0.736842105,0.894736842
0.2,1000,poly,4,100,0.014417887,0.004255056,0.001507044,0,0.185,0,0.185,1,1,1.00.666666666667,0.761904762,0.857142857,0.80952381,0.95,0.85,0.789473684,0.947368421,0.736842105,0.894736842
0.2,1000,poly,8,0.1,0.013024092,0.004325867,0.001127005,0.00875,0.145,0.00875,0.145,0.99125,1,0.9263157894740.761904761905,0.761904762,0.80952381,0.904761905,1,0.8,0.842105263,0.894736842,0.894736842,0.894736842
0.2,1000,poly,8,10,0.013060093,0.004539013,0.001148939,0,0.185,0,0.185,1,1,1.00.666666666667,0.761904762,0.857142857,0.80952381,0.95,0.85,0.789473684,0.947368421,0.736842105,0.894736842
0.2,1000,poly,8,100,0.015160084,0.004481077,0.001087904,0,0.185,0,0.185,1,1,1.00.666666666667,0.761904762,0.857142857,0.80952381,0.95,0.85,0.789473684,0.947368421,0.736842105,0.894736842
0.4,1000,linear,1,0.1,0.006927013,0.002456903,0.001635075,0.086666667,0.1125,0.086666667,0.1125,0.913333333,0.75862069,0.3283582089550.829268292683,0.87804878,0.829268293,0.87804878,0.875,0.85,0.897435897,0.871794872,0.871794872,0.923076923
0.4,1000,linear,1,10,0.011671782,0.004599094,0.003311872,0.086666667,0.1125,0.086666667,0.1125,0.913333333,0.75862069,0.3283582089550.829268292683,0.87804878,0.829268293,0.87804878,0.875,0.85,0.897435897,0.871794872,0.871794872,0.923076923
0.4,1000,linear,1,100,0.007610798,0.002457142,0.001633167,0.086666667,0.1125,0.086666667,0.1125,0.913333333,0.75862069,0.3283582089550.829268292683,0.87804878,0.829268293,0.87804878,0.875,0.85,0.897435897,0.871794872,0.871794872,0.923076923
0.4,1000,linear,2,0.1,0.011235237,0.00247097,0.001638889,0.086666667,0.1125,0.086666667,0.1125,0.913333333,0.75862069,0.3283582089550.853658536585,0.87804878,0.829268293,0.87804878,0.875,0.85,0.897435897,0.871794872,0.871794872,0.923076923
0.4,1000,linear,2,10,0.011136055,0.002496004,0.001640081,0.086666667,0.1125,0.086666667,0.1125,0.913333333,0.75862069,0.3283582089550.853658536585,0.87804878,0.829268293,0.87804878,0.875,0.85,0.897435897,0.871794872,0.871794872,0.923076923
0.4,1000,linear,2,100,0.011504173,0.004322052,0.002041101,0.086666667,0.1125,0.086666667,0.1125,0.913333333,0.75862069,0.3283582089550.853658536585,0.87804878,0.829268293,0.87804878,0.875,0.85,0.897435897,0.871794872,0.871794872,0.923076923
0.4,1000,linear,4,0.1,0.021160841,0.002470016,0.001632214,0.086666667,0.1125,0.086666667,0.1125,0.913333333,0.75862069,0.3283582089550.853658536585,0.87804878,0.829268293,0.87804878,0.875,0.85,0.897435897,0.871794872,0.871794872,0.923076923
0.4,1000,linear,4,10,0.020100832,0.002471209,0.001626015,0.086666667,0.1125,0.086666667,0.1125,0.913333333,0.75862069,0.3283582089550.853658536585,0.87804878,0.829268293,0.87804878,0.875,0.85,0.897435897,0.871794872,0.871794872,0.923076923
0.4,1000,linear,4,100,0.020421028,0.002634048,0.001713991,0.086666667,0.1125,0.086666667,0.1125,0.913333333,0.75862069,0.3283582089550.853658536585,0.87804878,0.829268293,0.87804878,0.875,0.85,0.897435897,0.871794872,0.871794872,0.923076923
0.4,1000,linear,8,0.1,0.045166016,0.00264287,0.001723051,0.086666667,0.1125,0.086666667,0.1125,0.913333333,0.75862069,0.3283582089550.80487804878,0.87804878,0.829268293,0.87804878,0.875,0.825,0.897435897,0.871794872,0.871794872,0.923076923
0.4,1000,linear,8,10,0.042381763,0.00257206,0.001859903,0.086666667,0.1125,0.086666667,0.1125,0.913333333,0.75862069,0.3283582089550.80487804878,0.87804878,0.829268293,0.87804878,0.875,0.825,0.897435897,0.871794872,0.871794872,0.923076923
0.4,1000,linear,8,100,0.0440588,0.003034115,0.001694202,0.086666667,0.1125,0.086666667,0.1125,0.913333333,0.75862069,0.3283582089550.80487804878,0.87804878,0.829268293,0.87804878,0.875,0.825,0.897435897,0.871794872,0.871794872,0.923076923
0.4,1000,rbf,1,0.1,0.006538153,0.004666805,0.003271818,0.05,0.12,0.05,0.12,0.95,1,0.552238805970.829268292683,0.853658537,0.829268293,0.853658537,0.875,0.875,0.871794872,0.871794872,0.897435897,0.871794872
0.4,1000,rbf,1,10,0.017618179,0.010327816,0.007172108,0,0.135,0,0.135,1,1,1.00.853658536585,0.853658537,0.853658537,0.853658537,0.875,0.875,0.871794872,0.871794872,0.871794872,0.871794872
0.4,1000,rbf,1,100,0.01208806,0.009095907,0.005314827,0,0.135,0,0.135,1,1,1.00.853658536585,0.853658537,0.853658537,0.853658537,0.875,0.875,0.871794872,0.871794872,0.871794872,0.871794872
0.4,1000,rbf,2,0.1,0.006974936,0.005073071,0.003123999,0.03,0.105,0.03,0.105,0.97,1,0.7313432835820.780487804878,0.87804878,0.829268293,0.853658537,0.85,0.875,0.871794872,0.871794872,0.923076923,0.871794872
0.4,1000,rbf,2,10,0.023537874,0.010612965,0.007018089,0,0.135,0,0.135,1,1,1.00.853658536585,0.853658537,0.853658537,0.853658537,0.875,0.875,0.871794872,0.871794872,0.871794872,0.871794872
0.4,1000,rbf,2,100,0.015714645,0.007950068,0.005110979,0,0.135,0,0.135,1,1,1.00.853658536585,0.853658537,0.853658537,0.853658537,0.875,0.875,0.871794872,0.871794872,0.871794872,0.871794872
0.4,1000,rbf,4,0.1,0.007679939,0.004736185,0.003054142,0.015,0.1075,0.015,0.1075,0.985,1,0.8656716417910.80487804878,0.902439024,0.902439024,0.87804878,0.8,0.875,0.871794872,0.897435897,0.923076923,0.820512821
0.4,1000,rbf,4,10,0.022845984,0.01059103,0.007623911,0,0.135,0,0.135,1,1,1.00.853658536585,0.853658537,0.853658537,0.853658537,0.875,0.875,0.871794872,0.871794872,0.871794872,0.871794872
0.4,1000,rbf,4,100,0.015737057,0.008388042,0.006148815,0,0.135,0,0.135,1,1,1.00.853658536585,0.853658537,0.853658537,0.853658537,0.875,0.875,0.871794872,0.871794872,0.871794872,0.871794872
0.4,1000,rbf,8,0.1,0.00888586,0.005117178,0.003219128,0.001666667,0.1125,0.001666667,0.1125,0.998333333,1,0.9850746268660.780487804878,0.87804878,0.87804878,0.87804878,0.8,0.85,0.871794872,0.871794872,0.923076923,0.846153846
0.4,1000,rbf,8,10,0.023215771,0.010839224,0.007237196,0,0.135,0,0.135,1,1,1.00.853658536585,0.853658537,0.853658537,0.853658537,0.875,0.875,0.871794872,0.871794872,0.871794872,0.871794872
0.4,1000,rbf,8,100,0.015804291,0.007862091,0.005352259,0,0.135,0,0.135,1,1,1.00.853658536585,0.853658537,0.853658537,0.853658537,0.875,0.875,0.871794872,0.871794872,0.871794872,0.871794872
0.4,1000,poly,1,0.1,0.00624609,0.003108025,0.001931906,0.031666667,0.125,0.031666667,0.125,0.968333333,1,0.7164179104480.80487804878,0.87804878,0.829268293,0.829268293,0.825,0.85,0.897435897,0.897435897,0.923076923,0.897435897
0.4,1000,poly,1,10,0.008364677,0.002926111,0.001847029,0,0.175,0,0.175,1,1,1.00.829268292683,0.853658537,0.853658537,0.804878049,0.725,0.85,0.846153846,0.820512821,0.897435897,0.846153846
0.4,1000,poly,1,100,0.007352114,0.003498793,0.002109289,0,0.175,0,0.175,1,1,1.00.829268292683,0.853658537,0.853658537,0.804878049,0.725,0.85,0.846153846,0.820512821,0.897435897,0.846153846
0.4,1000,poly,2,0.1,0.008504152,0.003097057,0.001992941,0.02,0.13,0.02,0.13,0.98,1,0.8208955223880.80487804878,0.87804878,0.87804878,0.87804878,0.8,0.825,0.897435897,0.897435897,0.897435897,0.897435897
0.4,1000,poly,2,10,0.007187128,0.003656864,0.002426863,0,0.175,0,0.175,1,1,1.00.829268292683,0.853658537,0.853658537,0.804878049,0.725,0.85,0.846153846,0.820512821,0.897435897,0.846153846
0.4,1000,poly,2,100,0.006917953,0.002813101,0.001887083,0,0.175,0,0.175,1,1,1.00.829268292683,0.853658537,0.853658537,0.804878049,0.725,0.85,0.846153846,0.820512821,0.897435897,0.846153846
0.4,1000,poly,4,0.1,0.006842136,0.003366947,0.002068043,0.013333333,0.125,0.013333333,0.125,0.986666667,1,0.8805970149250.829268292683,0.853658537,0.902439024,0.853658537,0.825,0.825,0.923076923,0.897435897,0.871794872,0.871794872
0.4,1000,poly,4,10,0.007304907,0.002894878,0.001814127,0,0.175,0,0.175,1,1,1.00.829268292683,0.853658537,0.853658537,0.804878049,0.725,0.85,0.846153846,0.820512821,0.897435897,0.846153846
0.4,1000,poly,4,100,0.007590294,0.003021955,0.001814842,0,0.175,0,0.175,1,1,1.00.829268292683,0.853658537,0.853658537,0.804878049,0.725,0.85,0.846153846,0.820512821,0.897435897,0.846153846
0.4,1000,poly,8,0.1,0.006675959,0.003022194,0.002506971,0.01,0.135,0.01,0.135,0.99,1,0.9104477611940.80487804878,0.87804878,0.853658537,0.853658537,0.825,0.875,0.871794872,0.820512821,0.897435897,0.846153846
0.4,1000,poly,8,10,0.00784111,0.002741098,0.001817942,0,0.175,0,0.175,1,1,1.00.829268292683,0.853658537,0.853658537,0.804878049,0.725,0.85,0.846153846,0.820512821,0.897435897,0.846153846
0.4,1000,poly,8,100,0.006902218,0.002850771,0.001883268,0,0.175,0,0.175,1,1,1.00.829268292683,0.853658537,0.853658537,0.804878049,0.725,0.85,0.846153846,0.820512821,0.897435897,0.846153846
0.5,1000,linear,1,0.1,0.007342815,0.002099991,0.002047062,0.088,0.11,0.088,0.11,0.912,0.807692308,0.350.843137254902,0.88,0.88,0.88,0.9,0.86,0.88,0.86,0.88,0.836734694
0.5,1000,linear,1,10,0.007608175,0.002182961,0.002076864,0.088,0.11,0.088,0.11,0.912,0.807692308,0.350.843137254902,0.88,0.88,0.88,0.9,0.86,0.88,0.86,0.88,0.836734694
0.5,1000,linear,1,100,0.007049084,0.00197506,0.001906872,0.088,0.11,0.088,0.11,0.912,0.807692308,0.350.843137254902,0.88,0.88,0.88,0.9,0.86,0.88,0.86,0.88,0.836734694
0.5,1000,linear,2,0.1,0.009295702,0.002043724,0.001921892,0.088,0.11,0.088,0.11,0.912,0.807692308,0.350.843137254902,0.88,0.88,0.88,0.9,0.86,0.88,0.86,0.88,0.836734694
0.5,1000,linear,2,10,0.009491205,0.002218008,0.002229929,0.088,0.11,0.088,0.11,0.912,0.807692308,0.350.843137254902,0.88,0.88,0.88,0.9,0.86,0.88,0.86,0.88,0.836734694
0.5,1000,linear,2,100,0.009283781,0.002058029,0.001922131,0.088,0.11,0.088,0.11,0.912,0.807692308,0.350.843137254902,0.88,0.88,0.88,0.9,0.86,0.88,0.86,0.88,0.836734694
0.5,1000,linear,4,0.1,0.01853013,0.002210855,0.002168179,0.086,0.11,0.086,0.11,0.914,0.84,0.350.843137254902,0.88,0.88,0.88,0.9,0.86,0.88,0.86,0.88,0.836734694
0.5,1000,linear,4,10,0.018147707,0.001983881,0.001918793,0.086,0.11,0.086,0.11,0.914,0.84,0.350.843137254902,0.88,0.88,0.88,0.9,0.86,0.88,0.86,0.88,0.836734694
0.5,1000,linear,4,100,0.018746138,0.002150059,0.002044201,0.086,0.11,0.086,0.11,0.914,0.84,0.350.843137254902,0.88,0.88,0.88,0.9,0.86,0.88,0.86,0.88,0.836734694
0.5,1000,linear,8,0.1,0.038208008,0.002003908,0.002133131,0.086,0.11,0.086,0.11,0.914,0.84,0.350.843137254902,0.88,0.88,0.88,0.9,0.86,0.88,0.86,0.88,0.836734694
0.5,1000,linear,8,10,0.039723873,0.002286911,0.002290249,0.086,0.11,0.086,0.11,0.914,0.84,0.350.843137254902,0.88,0.88,0.88,0.9,0.86,0.88,0.86,0.88,0.836734694
0.5,1000,linear,8,100,0.039169073,0.002562046,0.002225876,0.086,0.11,0.086,0.11,0.914,0.84,0.350.843137254902,0.88,0.88,0.88,0.9,0.86,0.88,0.86,0.88,0.836734694
0.5,1000,rbf,1,0.1,0.005439997,0.003740072,0.003743887,0.052,0.112,0.052,0.112,0.948,1,0.5666666666670.803921568627,0.88,0.88,0.88,0.88,0.88,0.92,0.88,0.9,0.87755102
0.5,1000,rbf,1,10,0.013838768,0.007487297,0.007207155,0,0.122,0,0.122,1,1,1.00.862745098039,0.88,0.88,0.88,0.88,0.88,0.88,0.88,0.88,0.87755102
0.5,1000,rbf,1,100,0.009281158,0.005595922,0.005457163,0,0.122,0,0.122,1,1,1.00.862745098039,0.88,0.88,0.88,0.88,0.88,0.88,0.88,0.88,0.87755102
0.5,1000,rbf,2,0.1,0.005351067,0.003561974,0.003448009,0.034,0.104,0.034,0.104,0.966,1,0.7166666666670.843137254902,0.9,0.88,0.84,0.88,0.84,0.9,0.9,0.88,0.897959184
0.5,1000,rbf,2,10,0.015594006,0.007481098,0.007339001,0,0.122,0,0.122,1,1,1.00.862745098039,0.88,0.88,0.88,0.88,0.88,0.88,0.88,0.88,0.87755102
0.5,1000,rbf,2,100,0.010426044,0.005662918,0.005514145,0,0.122,0,0.122,1,1,1.00.862745098039,0.88,0.88,0.88,0.88,0.88,0.88,0.88,0.88,0.87755102
0.5,1000,rbf,4,0.1,0.005955935,0.003595114,0.003528118,0.014,0.096,0.014,0.096,0.986,1,0.8833333333330.823529411765,0.92,0.88,0.86,0.88,0.84,0.9,0.88,0.86,0.87755102
0.5,1000,rbf,4,10,0.016477346,0.007411003,0.007272959,0,0.122,0,0.122,1,1,1.00.862745098039,0.88,0.88,0.88,0.88,0.88,0.88,0.88,0.88,0.87755102
0.5,1000,rbf,4,100,0.010234118,0.005593061,0.00568223,0,0.122,0,0.122,1,1,1.00.862745098039,0.88,0.88,0.88,0.88,0.88,0.88,0.88,0.88,0.87755102
0.5,1000,rbf,8,0.1,0.006192207,0.003454924,0.003401995,0.002,0.102,0.002,0.102,0.998,1,0.9833333333330.803921568627,0.9,0.9,0.86,0.86,0.82,0.86,0.92,0.86,0.87755102
0.5,1000,rbf,8,10,0.015072823,0.009946108,0.007758141,0,0.122,0,0.122,1,1,1.00.862745098039,0.88,0.88,0.88,0.88,0.88,0.88,0.88,0.88,0.87755102
0.5,1000,rbf,8,100,0.010342121,0.005684853,0.005638838,0,0.122,0,0.122,1,1,1.00.862745098039,0.88,0.88,0.88,0.88,0.88,0.88,0.88,0.88,0.87755102
0.5,1000,poly,1,0.1,0.00514102,0.002364159,0.002453089,0.03,0.114,0.03,0.114,0.97,1,0.750.78431372549,0.88,0.9,0.86,0.84,0.84,0.86,0.9,0.92,0.836734694
0.5,1000,poly,1,10,0.005617142,0.002223969,0.002184868,0,0.17,0,0.17,1,1,1.00.803921568627,0.88,0.9,0.76,0.86,0.8,0.88,0.84,0.86,0.897959184
0.5,1000,poly,1,100,0.005903959,0.002278805,0.002182961,0,0.17,0,0.17,1,1,1.00.803921568627,0.88,0.9,0.76,0.86,0.8,0.88,0.84,0.86,0.897959184
0.5,1000,poly,2,0.1,0.005430937,0.002560854,0.002778769,0.022,0.116,0.022,0.116,0.978,1,0.8166666666670.803921568627,0.9,0.88,0.88,0.84,0.86,0.9,0.88,0.9,0.836734694
0.5,1000,poly,2,10,0.005668879,0.002215147,0.002166748,0,0.17,0,0.17,1,1,1.00.803921568627,0.88,0.9,0.76,0.86,0.8,0.88,0.84,0.86,0.897959184
0.5,1000,poly,2,100,0.005982399,0.002408028,0.002201796,0,0.17,0,0.17,1,1,1.00.803921568627,0.88,0.9,0.76,0.86,0.8,0.88,0.84,0.86,0.897959184
0.5,1000,poly,4,0.1,0.005922079,0.003164291,0.002317905,0.016,0.122,0.016,0.122,0.984,1,0.8666666666670.803921568627,0.88,0.9,0.84,0.84,0.86,0.9,0.84,0.9,0.836734694
0.5,1000,poly,4,10,0.005849123,0.002254009,0.002183914,0,0.17,0,0.17,1,1,1.00.803921568627,0.88,0.9,0.76,0.86,0.8,0.88,0.84,0.86,0.897959184
0.5,1000,poly,4,100,0.006083965,0.002490997,0.002336025,0,0.17,0,0.17,1,1,1.00.803921568627,0.88,0.9,0.76,0.86,0.8,0.88,0.84,0.86,0.897959184
0.5,1000,poly,8,0.1,0.005662918,0.002376795,0.002358675,0.008,0.132,0.008,0.132,0.992,1,0.9333333333330.803921568627,0.88,0.9,0.84,0.88,0.84,0.86,0.82,0.88,0.816326531
0.5,1000,poly,8,10,0.005889177,0.002563,0.00229311,0,0.17,0,0.17,1,1,1.00.803921568627,0.88,0.9,0.76,0.86,0.8,0.88,0.84,0.86,0.897959184
0.5,1000,poly,8,100,0.006162882,0.002271891,0.002243996,0,0.17,0,0.17,1,1,1.00.803921568627,0.88,0.9,0.76,0.86,0.8,0.88,0.84,0.86,0.897959184
0.2,3000,linear,1,0.1,0.085438013,0.030542135,0.007667065,0.1225,0.123333333,0.1225,0.123333333,0.8775,0,0.00.868852459016,0.868852459,0.868852459,0.868852459,0.883333333,0.883333333,0.881355932,0.898305085,0.881355932,0.847457627
0.2,3000,linear,1,10,0.088103771,0.030648947,0.007722855,0.1225,0.123333333,0.1225,0.123333333,0.8775,0,0.00.868852459016,0.868852459,0.868852459,0.868852459,0.883333333,0.883333333,0.881355932,0.898305085,0.881355932,0.847457627
0.2,3000,linear,1,100,0.082225084,0.033102989,0.007883072,0.1225,0.123333333,0.1225,0.123333333,0.8775,0,0.00.868852459016,0.868852459,0.868852459,0.868852459,0.883333333,0.883333333,0.881355932,0.898305085,0.881355932,0.847457627
0.2,3000,linear,2,0.1,0.131006002,0.03256011,0.008701086,0.1225,0.123333333,0.1225,0.123333333,0.8775,0,0.00.852459016393,0.868852459,0.868852459,0.885245902,0.883333333,0.883333333,0.881355932,0.898305085,0.881355932,0.830508475
0.2,3000,linear,2,10,0.129057884,0.031819105,0.008026123,0.1225,0.123333333,0.1225,0.123333333,0.8775,0,0.00.852459016393,0.868852459,0.868852459,0.885245902,0.883333333,0.883333333,0.881355932,0.898305085,0.881355932,0.830508475
0.2,3000,linear,2,100,0.124802828,0.031870127,0.008015156,0.1225,0.123333333,0.1225,0.123333333,0.8775,0,0.00.852459016393,0.868852459,0.868852459,0.885245902,0.883333333,0.883333333,0.881355932,0.898305085,0.881355932,0.830508475
0.2,3000,linear,4,0.1,0.251684666,0.035566092,0.009328842,0.1225,0.123333333,0.1225,0.123333333,0.8775,0,0.00.852459016393,0.868852459,0.868852459,0.885245902,0.883333333,0.883333333,0.881355932,0.898305085,0.881355932,0.830508475
0.2,3000,linear,4,10,0.271751165,0.059162855,0.009592056,0.1225,0.123333333,0.1225,0.123333333,0.8775,0,0.00.852459016393,0.868852459,0.868852459,0.885245902,0.883333333,0.883333333,0.881355932,0.898305085,0.881355932,0.830508475
0.2,3000,linear,4,100,0.210011721,0.033102036,0.008188963,0.1225,0.123333333,0.1225,0.123333333,0.8775,0,0.00.852459016393,0.868852459,0.868852459,0.885245902,0.883333333,0.883333333,0.881355932,0.898305085,0.881355932,0.830508475
0.2,3000,linear,8,0.1,0.359418154,0.034118891,0.009564161,0.1225,0.123333333,0.1225,0.123333333,0.8775,0,0.00.852459016393,0.868852459,0.868852459,0.885245902,0.883333333,0.883333333,0.881355932,0.898305085,0.881355932,0.830508475
0.2,3000,linear,8,10,0.351552963,0.033712864,0.00840497,0.1225,0.123333333,0.1225,0.123333333,0.8775,0,0.00.852459016393,0.868852459,0.868852459,0.885245902,0.883333333,0.883333333,0.881355932,0.898305085,0.881355932,0.830508475
0.2,3000,linear,8,100,0.367586136,0.033664942,0.008880854,0.1225,0.123333333,0.1225,0.123333333,0.8775,0,0.00.852459016393,0.868852459,0.868852459,0.885245902,0.883333333,0.883333333,0.881355932,0.898305085,0.881355932,0.830508475
0.2,3000,rbf,1,0.1,0.078554869,0.049999952,0.012553215,0.08,0.113333333,0.08,0.113333333,0.92,0.925,0.3775510204080.885245901639,0.885245902,0.885245902,0.868852459,0.866666667,0.883333333,0.898305085,0.881355932,0.86440678,0.86440678
0.2,3000,rbf,1,10,0.279256105,0.148465872,0.038378954,0,0.123333333,0,0.123333333,1,1,1.00.868852459016,0.868852459,0.868852459,0.868852459,0.883333333,0.883333333,0.881355932,0.881355932,0.881355932,0.881355932
0.2,3000,rbf,1,100,0.211985826,0.115080118,0.029382944,0,0.123333333,0,0.123333333,1,1,1.00.868852459016,0.868852459,0.868852459,0.868852459,0.883333333,0.883333333,0.881355932,0.881355932,0.881355932,0.881355932
0.2,3000,rbf,2,0.1,0.089310169,0.054868937,0.013782024,0.059583333,0.115,0.059583333,0.115,0.940416667,0.931428571,0.5544217687070.918032786885,0.93442623,0.901639344,0.885245902,0.866666667,0.883333333,0.881355932,0.881355932,0.881355932,0.881355932
0.2,3000,rbf,2,10,0.297744989,0.154752016,0.039396048,0,0.123333333,0,0.123333333,1,1,1.00.868852459016,0.868852459,0.868852459,0.868852459,0.883333333,0.883333333,0.881355932,0.881355932,0.881355932,0.881355932
0.2,3000,rbf,2,100,0.23592186,0.115725994,0.027037144,0,0.123333333,0,0.123333333,1,1,1.00.868852459016,0.868852459,0.868852459,0.868852459,0.883333333,0.883333333,0.881355932,0.881355932,0.881355932,0.881355932
0.2,3000,rbf,4,0.1,0.09251976,0.053492785,0.013797045,0.042916667,0.123333333,0.042916667,0.123333333,0.957083333,0.952606635,0.6836734693880.901639344262,0.918032787,0.901639344,0.901639344,0.866666667,0.866666667,0.898305085,0.898305085,0.881355932,0.881355932
0.2,3000,rbf,4,10,0.308707237,0.15831399,0.036947966,0,0.123333333,0,0.123333333,1,1,1.00.868852459016,0.868852459,0.868852459,0.868852459,0.883333333,0.883333333,0.881355932,0.881355932,0.881355932,0.881355932
0.2,3000,rbf,4,100,0.239398003,0.110384941,0.027675152,0,0.123333333,0,0.123333333,1,1,1.00.868852459016,0.868852459,0.868852459,0.868852459,0.883333333,0.883333333,0.881355932,0.881355932,0.881355932,0.881355932
0.2,3000,rbf,8,0.1,0.111334801,0.052941084,0.012611866,0.03,0.123333333,0.03,0.123333333,0.97,0.974358974,0.7755102040820.885245901639,0.901639344,0.885245902,0.901639344,0.866666667,0.866666667,0.915254237,0.881355932,0.847457627,0.847457627
0.2,3000,rbf,8,10,0.310667992,0.158547878,0.038249016,0,0.123333333,0,0.123333333,1,1,1.00.868852459016,0.868852459,0.868852459,0.868852459,0.883333333,0.883333333,0.881355932,0.881355932,0.881355932,0.881355932
0.2,3000,rbf,8,100,0.235170841,0.107466936,0.02715683,0,0.123333333,0,0.123333333,1,1,1.00.868852459016,0.868852459,0.868852459,0.868852459,0.883333333,0.883333333,0.881355932,0.881355932,0.881355932,0.881355932
0.2,3000,poly,1,0.1,0.101921558,0.028126955,0.007122993,0.062916667,0.135,0.062916667,0.135,0.937083333,0.908571429,0.5408163265310.885245901639,0.918032787,0.901639344,0.868852459,0.85,0.85,0.86440678,0.915254237,0.881355932,0.898305085
0.2,3000,poly,1,10,6.091133356,0.024285078,0.00622797,0,0.191666667,0,0.191666667,1,1,1.00.803278688525,0.852459016,0.868852459,0.836065574,0.816666667,0.85,0.898305085,0.881355932,0.830508475,0.813559322
0.2,3000,poly,1,100,3.769025803,0.022888184,0.00579834,0,0.191666667,0,0.191666667,1,1,1.00.803278688525,0.852459016,0.868852459,0.836065574,0.816666667,0.85,0.898305085,0.881355932,0.830508475,0.813559322
0.2,3000,poly,2,0.1,0.140098095,0.028549194,0.007330179,0.055833333,0.141666667,0.055833333,0.141666667,0.944166667,0.930107527,0.588435374150.852459016393,0.918032787,0.93442623,0.836065574,0.866666667,0.866666667,0.86440678,0.881355932,0.898305085,0.898305085
0.2,3000,poly,2,10,6.202203274,0.024627924,0.005970955,0,0.191666667,0,0.191666667,1,1,1.00.803278688525,0.852459016,0.868852459,0.836065574,0.816666667,0.85,0.898305085,0.881355932,0.830508475,0.813559322
0.2,3000,poly,2,100,3.705849171,0.023799896,0.006444216,0,0.191666667,0,0.191666667,1,1,1.00.803278688525,0.852459016,0.868852459,0.836065574,0.816666667,0.85,0.898305085,0.881355932,0.830508475,0.813559322
0.2,3000,poly,4,0.1,0.154699087,0.029015064,0.006947994,0.048333333,0.138333333,0.048333333,0.138333333,0.951666667,0.954081633,0.6360544217690.83606557377,0.901639344,0.901639344,0.852459016,0.866666667,0.883333333,0.881355932,0.86440678,0.847457627,0.86440678
0.2,3000,poly,4,10,6.468531132,0.024266005,0.005970955,0,0.191666667,0,0.191666667,1,1,1.00.803278688525,0.852459016,0.868852459,0.836065574,0.816666667,0.85,0.898305085,0.881355932,0.830508475,0.813559322
0.2,3000,poly,4,100,3.749032974,0.023109913,0.005748987,0,0.191666667,0,0.191666667,1,1,1.00.803278688525,0.852459016,0.868852459,0.836065574,0.816666667,0.85,0.898305085,0.881355932,0.830508475,0.813559322
0.2,3000,poly,8,0.1,0.232983828,0.026923895,0.006698847,0.040833333,0.135,0.040833333,0.135,0.959166667,0.962264151,0.693877551020.83606557377,0.901639344,0.901639344,0.901639344,0.866666667,0.883333333,0.881355932,0.86440678,0.847457627,0.847457627
0.2,3000,poly,8,10,5.919579029,0.022474051,0.005668879,0,0.191666667,0,0.191666667,1,1,1.00.803278688525,0.852459016,0.868852459,0.836065574,0.816666667,0.85,0.898305085,0.881355932,0.830508475,0.813559322
0.2,3000,poly,8,100,3.725690842,0.022590876,0.006177902,0,0.191666667,0,0.191666667,1,1,1.00.803278688525,0.852459016,0.868852459,0.836065574,0.816666667,0.85,0.898305085,0.881355932,0.830508475,0.813559322
0.4,3000,linear,1,0.1,0.045274019,0.018723011,0.012261868,0.121111111,0.125,0.121111111,0.125,0.878888889,0,0.00.875,0.883333333,0.875,0.883333333,0.858333333,0.9,0.866666667,0.891666667,0.883333333,0.875
0.4,3000,linear,1,10,0.042846918,0.018464088,0.012248993,0.121111111,0.125,0.121111111,0.125,0.878888889,0,0.00.875,0.883333333,0.875,0.883333333,0.858333333,0.9,0.866666667,0.891666667,0.883333333,0.875
0.4,3000,linear,1,100,0.04415679,0.018768311,0.012647152,0.121111111,0.125,0.121111111,0.125,0.878888889,0,0.00.875,0.883333333,0.875,0.883333333,0.858333333,0.9,0.866666667,0.891666667,0.883333333,0.875
0.4,3000,linear,2,0.1,0.064359188,0.01925683,0.012836933,0.121111111,0.125,0.121111111,0.125,0.878888889,0,0.00.875,0.883333333,0.875,0.883333333,0.858333333,0.9,0.866666667,0.891666667,0.883333333,0.875
0.4,3000,linear,2,10,0.064091206,0.021147966,0.015486956,0.121111111,0.125,0.121111111,0.125,0.878888889,0,0.00.875,0.883333333,0.875,0.883333333,0.858333333,0.9,0.866666667,0.891666667,0.883333333,0.875
0.4,3000,linear,2,100,0.065250874,0.019371986,0.012876987,0.121111111,0.125,0.121111111,0.125,0.878888889,0,0.00.875,0.883333333,0.875,0.883333333,0.858333333,0.9,0.866666667,0.891666667,0.883333333,0.875
0.4,3000,linear,4,0.1,0.136257887,0.020514965,0.014417887,0.121111111,0.125,0.121111111,0.125,0.878888889,0,0.00.875,0.883333333,0.875,0.883333333,0.858333333,0.9,0.866666667,0.891666667,0.883333333,0.875
0.4,3000,linear,4,10,0.100106001,0.019529104,0.012984037,0.121111111,0.125,0.121111111,0.125,0.878888889,0,0.00.875,0.883333333,0.875,0.883333333,0.858333333,0.9,0.866666667,0.891666667,0.883333333,0.875
0.4,3000,linear,4,100,0.101519823,0.019948244,0.013296843,0.121111111,0.125,0.121111111,0.125,0.878888889,0,0.00.875,0.883333333,0.875,0.883333333,0.858333333,0.9,0.866666667,0.891666667,0.883333333,0.875
0.4,3000,linear,8,0.1,0.203014851,0.021638155,0.014844179,0.121111111,0.125,0.121111111,0.125,0.878888889,0,0.00.875,0.883333333,0.875,0.883333333,0.858333333,0.9,0.866666667,0.891666667,0.883333333,0.875
0.4,3000,linear,8,10,0.193906069,0.02286005,0.014540195,0.121111111,0.125,0.121111111,0.125,0.878888889,0,0.00.875,0.883333333,0.875,0.883333333,0.858333333,0.9,0.866666667,0.891666667,0.883333333,0.875
0.4,3000,linear,8,100,0.207407951,0.020421028,0.013778925,0.121111111,0.125,0.121111111,0.125,0.878888889,0,0.00.875,0.883333333,0.875,0.883333333,0.858333333,0.9,0.866666667,0.891666667,0.883333333,0.875
0.4,3000,rbf,1,0.1,0.052639961,0.032757998,0.0213871,0.076666667,0.118333333,0.076666667,0.118333333,0.923333333,0.954545455,0.3853211009170.891666666667,0.883333333,0.875,0.883333333,0.875,0.9,0.891666667,0.883333333,0.883333333,0.9
0.4,3000,rbf,1,10,0.163170099,0.086201906,0.055766106,0,0.125,0,0.125,1,1,1.00.875,0.875,0.875,0.875,0.875,0.875,0.875,0.875,0.875,0.875
0.4,3000,rbf,1,100,0.125295162,0.062880993,0.045704126,0,0.125,0,0.125,1,1,1.00.875,0.875,0.875,0.875,0.875,0.875,0.875,0.875,0.875,0.875
0.4,3000,rbf,2,0.1,0.051002264,0.032415867,0.020594835,0.05,0.118333333,0.05,0.118333333,0.95,0.970588235,0.6055045871560.9,0.883333333,0.875,0.891666667,0.875,0.9,0.883333333,0.883333333,0.866666667,0.908333333
0.4,3000,rbf,2,10,0.172533035,0.089353085,0.057702065,0,0.125,0,0.125,1,1,1.00.875,0.875,0.875,0.875,0.875,0.875,0.875,0.875,0.875,0.875
0.4,3000,rbf,2,100,0.107573032,0.067540884,0.04125309,0,0.125,0,0.125,1,1,1.00.875,0.875,0.875,0.875,0.875,0.875,0.875,0.875,0.875,0.875
0.4,3000,rbf,4,0.1,0.060672998,0.030039072,0.021939993,0.031666667,0.1275,0.031666667,0.1275,0.968333333,0.993865031,0.7431192660550.891666666667,0.875,0.875,0.883333333,0.883333333,0.908333333,0.883333333,0.875,0.866666667,0.891666667
0.4,3000,rbf,4,10,0.179435968,0.091430187,0.056467295,0,0.125,0,0.125,1,1,1.00.875,0.875,0.875,0.875,0.875,0.875,0.875,0.875,0.875,0.875
0.4,3000,rbf,4,100,0.11636281,0.06504488,0.042896032,0,0.125,0,0.125,1,1,1.00.875,0.875,0.875,0.875,0.875,0.875,0.875,0.875,0.875,0.875
0.4,3000,rbf,8,0.1,0.058166742,0.034184217,0.024065971,0.020555556,0.141666667,0.020555556,0.141666667,0.979444444,0.989189189,0.8394495412840.9,0.875,0.883333333,0.875,0.875,0.9,0.883333333,0.875,0.858333333,0.883333333
0.4,3000,rbf,8,10,0.172147989,0.083769798,0.055464745,0,0.125,0,0.125,1,1,1.00.875,0.875,0.875,0.875,0.875,0.875,0.875,0.875,0.875,0.875
0.4,3000,rbf,8,100,0.114871979,0.060859203,0.041142225,0,0.125,0,0.125,1,1,1.00.875,0.875,0.875,0.875,0.875,0.875,0.875,0.875,0.875,0.875
0.4,3000,poly,1,0.1,0.051527977,0.019382,0.012052059,0.055555556,0.141666667,0.055555556,0.141666667,0.944444444,0.968253968,0.5596330275230.9,0.891666667,0.866666667,0.9,0.875,0.875,0.883333333,0.858333333,0.85,0.9
0.4,3000,poly,1,10,0.512177944,0.014605045,0.009855986,0,0.206666667,0,0.206666667,1,1,1.00.833333333333,0.766666667,0.833333333,0.841666667,0.783333333,0.85,0.808333333,0.766666667,0.825,0.875
0.4,3000,poly,1,100,0.630920887,0.016110897,0.011650085,0,0.206666667,0,0.206666667,1,1,1.00.833333333333,0.766666667,0.833333333,0.841666667,0.783333333,0.85,0.808333333,0.766666667,0.825,0.875
0.4,3000,poly,2,0.1,0.058359146,0.021106005,0.011351109,0.047222222,0.144166667,0.047222222,0.144166667,0.952777778,0.965034965,0.6330275229360.9,0.858333333,0.883333333,0.891666667,0.883333333,0.875,0.866666667,0.825,0.841666667,0.875
0.4,3000,poly,2,10,0.508364916,0.015669107,0.009756804,0,0.206666667,0,0.206666667,1,1,1.00.833333333333,0.766666667,0.833333333,0.841666667,0.783333333,0.85,0.808333333,0.766666667,0.825,0.875
0.4,3000,poly,2,100,0.631095171,0.015470743,0.010023832,0,0.206666667,0,0.206666667,1,1,1.00.833333333333,0.766666667,0.833333333,0.841666667,0.783333333,0.85,0.808333333,0.766666667,0.825,0.875
0.4,3000,poly,4,0.1,0.07204318,0.0185709,0.011607885,0.036111111,0.145,0.036111111,0.145,0.963888889,0.963636364,0.7293577981650.891666666667,0.858333333,0.883333333,0.891666667,0.858333333,0.875,0.85,0.825,0.833333333,0.841666667
0.4,3000,poly,4,10,0.531237841,0.016522884,0.012209892,0,0.206666667,0,0.206666667,1,1,1.00.833333333333,0.766666667,0.833333333,0.841666667,0.783333333,0.85,0.808333333,0.766666667,0.825,0.875
0.4,3000,poly,4,100,0.762526274,0.015614986,0.011848927,0,0.206666667,0,0.206666667,1,1,1.00.833333333333,0.766666667,0.833333333,0.841666667,0.783333333,0.85,0.808333333,0.766666667,0.825,0.875
0.4,3000,poly,8,0.1,0.101692915,0.020491838,0.012631893,0.027777778,0.150833333,0.027777778,0.150833333,0.972222222,0.977272727,0.7889908256880.9,0.841666667,0.908333333,0.866666667,0.85,0.866666667,0.841666667,0.8,0.816666667,0.85
0.4,3000,poly,8,10,0.547083139,0.015004873,0.010341883,0,0.206666667,0,0.206666667,1,1,1.00.833333333333,0.766666667,0.833333333,0.841666667,0.783333333,0.85,0.808333333,0.766666667,0.825,0.875
0.4,3000,poly,8,100,0.643067122,0.015455008,0.010623932,0,0.206666667,0,0.206666667,1,1,1.00.833333333333,0.766666667,0.833333333,0.841666667,0.783333333,0.85,0.808333333,0.766666667,0.825,0.875
0.5,3000,linear,1,0.1,0.029793739,0.014379978,0.014564037,0.121333333,0.124,0.121333333,0.124,0.878666667,0,0.00.87417218543,0.880794702,0.874172185,0.867549669,0.88,0.88,0.879194631,0.88590604,0.88590604,0.88590604
0.5,3000,linear,1,10,0.031494141,0.014723778,0.014754057,0.121333333,0.124,0.121333333,0.124,0.878666667,0,0.00.87417218543,0.880794702,0.874172185,0.867549669,0.88,0.88,0.879194631,0.88590604,0.88590604,0.88590604
0.5,3000,linear,1,100,0.029120922,0.013577938,0.013451099,0.121333333,0.124,0.121333333,0.124,0.878666667,0,0.00.87417218543,0.880794702,0.874172185,0.867549669,0.88,0.88,0.879194631,0.88590604,0.88590604,0.88590604
0.5,3000,linear,2,0.1,0.044044971,0.014039993,0.013988733,0.121333333,0.124,0.121333333,0.124,0.878666667,0,0.00.87417218543,0.880794702,0.874172185,0.867549669,0.88,0.88,0.879194631,0.88590604,0.88590604,0.88590604
0.5,3000,linear,2,10,0.046919107,0.014081001,0.016821146,0.121333333,0.124,0.121333333,0.124,0.878666667,0,0.00.87417218543,0.880794702,0.874172185,0.867549669,0.88,0.88,0.879194631,0.88590604,0.88590604,0.88590604
0.5,3000,linear,2,100,0.0465312,0.015449047,0.01586318,0.121333333,0.124,0.121333333,0.124,0.878666667,0,0.00.87417218543,0.880794702,0.874172185,0.867549669,0.88,0.88,0.879194631,0.88590604,0.88590604,0.88590604
0.5,3000,linear,4,0.1,0.073475122,0.016448975,0.015580893,0.121333333,0.124,0.121333333,0.124,0.878666667,0,0.00.87417218543,0.880794702,0.874172185,0.867549669,0.88,0.88,0.879194631,0.88590604,0.88590604,0.88590604
0.5,3000,linear,4,10,0.067764044,0.014716148,0.014672041,0.121333333,0.124,0.121333333,0.124,0.878666667,0,0.00.87417218543,0.880794702,0.874172185,0.867549669,0.88,0.88,0.879194631,0.88590604,0.88590604,0.88590604
0.5,3000,linear,4,100,0.069442034,0.014894962,0.014758825,0.121333333,0.124,0.121333333,0.124,0.878666667,0,0.00.87417218543,0.880794702,0.874172185,0.867549669,0.88,0.88,0.879194631,0.88590604,0.88590604,0.88590604
0.5,3000,linear,8,0.1,0.122714758,0.015292883,0.015279055,0.121333333,0.124,0.121333333,0.124,0.878666667,0,0.00.87417218543,0.880794702,0.874172185,0.867549669,0.88,0.88,0.879194631,0.88590604,0.88590604,0.88590604
0.5,3000,linear,8,10,0.121847153,0.015300989,0.015217066,0.121333333,0.124,0.121333333,0.124,0.878666667,0,0.00.87417218543,0.880794702,0.874172185,0.867549669,0.88,0.88,0.879194631,0.88590604,0.88590604,0.88590604
0.5,3000,linear,8,100,0.1404531,0.016662121,0.016234875,0.121333333,0.124,0.121333333,0.124,0.878666667,0,0.00.87417218543,0.880794702,0.874172185,0.867549669,0.88,0.88,0.879194631,0.88590604,0.88590604,0.88590604
0.5,3000,rbf,1,0.1,0.040523767,0.025433064,0.02846384,0.076,0.116,0.076,0.116,0.924,0.959459459,0.390109890110.887417218543,0.887417219,0.880794702,0.867549669,0.88,0.886666667,0.906040268,0.88590604,0.88590604,0.906040268
0.5,3000,rbf,1,10,0.118731976,0.069761038,0.06336689,0,0.124,0,0.124,1,1,1.00.87417218543,0.874172185,0.874172185,0.874172185,0.873333333,0.873333333,0.879194631,0.879194631,0.879194631,0.879194631
0.5,3000,rbf,1,100,0.09173131,0.044844866,0.047281981,0,0.124,0,0.124,1,1,1.00.87417218543,0.874172185,0.874172185,0.874172185,0.873333333,0.873333333,0.879194631,0.879194631,0.879194631,0.879194631
0.5,3000,rbf,2,0.1,0.04699707,0.024765015,0.024554014,0.052666667,0.116666667,0.052666667,0.116666667,0.947333333,0.981308411,0.5769230769230.920529801325,0.894039735,0.887417219,0.860927152,0.873333333,0.886666667,0.879194631,0.88590604,0.88590604,0.919463087
0.5,3000,rbf,2,10,0.125139952,0.062912941,0.060303926,0,0.124,0,0.124,1,1,1.00.87417218543,0.874172185,0.874172185,0.874172185,0.873333333,0.873333333,0.879194631,0.879194631,0.879194631,0.879194631
0.5,3000,rbf,2,100,0.091648102,0.044467926,0.044197321,0,0.124,0,0.124,1,1,1.00.87417218543,0.874172185,0.874172185,0.874172185,0.873333333,0.873333333,0.879194631,0.879194631,0.879194631,0.879194631
0.5,3000,rbf,4,0.1,0.041508198,0.023426056,0.023015022,0.034666667,0.124666667,0.034666667,0.124666667,0.965333333,0.992424242,0.719780219780.907284768212,0.854304636,0.880794702,0.874172185,0.873333333,0.886666667,0.872483221,0.865771812,0.859060403,0.912751678
0.5,3000,rbf,4,10,0.143982887,0.065768957,0.064743996,0,0.124,0,0.124,1,1,1.00.87417218543,0.874172185,0.874172185,0.874172185,0.873333333,0.873333333,0.879194631,0.879194631,0.879194631,0.879194631
0.5,3000,rbf,4,100,0.089934111,0.049413681,0.046653986,0,0.124,0,0.124,1,1,1.00.87417218543,0.874172185,0.874172185,0.874172185,0.873333333,0.873333333,0.879194631,0.879194631,0.879194631,0.879194631
0.5,3000,rbf,8,0.1,0.047137022,0.022171974,0.023328066,0.019333333,0.139333333,0.019333333,0.139333333,0.980666667,0.987261146,0.8516483516480.894039735099,0.847682119,0.894039735,0.874172185,0.88,0.873333333,0.872483221,0.859060403,0.852348993,0.872483221
0.5,3000,rbf,8,10,0.13541913,0.061504126,0.059522867,0,0.124,0,0.124,1,1,1.00.87417218543,0.874172185,0.874172185,0.874172185,0.873333333,0.873333333,0.879194631,0.879194631,0.879194631,0.879194631
0.5,3000,rbf,8,100,0.086068869,0.043878078,0.043165207,0,0.124,0,0.124,1,1,1.00.87417218543,0.874172185,0.874172185,0.874172185,0.873333333,0.873333333,0.879194631,0.879194631,0.879194631,0.879194631
0.5,3000,poly,1,0.1,0.042577744,0.012717009,0.015437126,0.053333333,0.132,0.053333333,0.132,0.946666667,0.981132075,0.5714285714290.87417218543,0.887417219,0.894039735,0.860927152,0.846666667,0.886666667,0.88590604,0.859060403,0.852348993,0.879194631
0.5,3000,poly,1,10,0.337808132,0.01222229,0.012110949,0,0.2,0,0.2,1,1,1.00.807947019868,0.814569536,0.880794702,0.794701987,0.773333333,0.78,0.805369128,0.852348993,0.805369128,0.832214765
0.5,3000,poly,1,100,0.339417219,0.011299133,0.011195898,0,0.2,0,0.2,1,1,1.00.807947019868,0.814569536,0.880794702,0.794701987,0.773333333,0.78,0.805369128,0.852348993,0.805369128,0.832214765
0.5,3000,poly,2,0.1,0.044675112,0.013345003,0.012314081,0.046,0.134666667,0.046,0.134666667,0.954,0.991304348,0.6263736263740.894039735099,0.880794702,0.887417219,0.880794702,0.853333333,0.86,0.872483221,0.859060403,0.852348993,0.852348993
0.5,3000,poly,2,10,0.363729239,0.011528254,0.011483908,0,0.2,0,0.2,1,1,1.00.807947019868,0.814569536,0.880794702,0.794701987,0.773333333,0.78,0.805369128,0.852348993,0.805369128,0.832214765
0.5,3000,poly,2,100,0.338378906,0.011286736,0.011217117,0,0.2,0,0.2,1,1,1.00.807947019868,0.814569536,0.880794702,0.794701987,0.773333333,0.78,0.805369128,0.852348993,0.805369128,0.832214765
0.5,3000,poly,4,0.1,0.04932785,0.012684107,0.012101889,0.036666667,0.142666667,0.036666667,0.142666667,0.963333333,0.97037037,0.719780219780.887417218543,0.854304636,0.867549669,0.847682119,0.846666667,0.846666667,0.859060403,0.852348993,0.852348993,0.852348993
0.5,3000,poly,4,10,0.358120203,0.011398077,0.011446953,0,0.2,0,0.2,1,1,1.00.807947019868,0.814569536,0.880794702,0.794701987,0.773333333,0.78,0.805369128,0.852348993,0.805369128,0.832214765
0.5,3000,poly,4,100,0.400006056,0.012452841,0.01314187,0,0.2,0,0.2,1,1,1.00.807947019868,0.814569536,0.880794702,0.794701987,0.773333333,0.78,0.805369128,0.852348993,0.805369128,0.832214765
0.5,3000,poly,8,0.1,0.054909945,0.01204896,0.012095928,0.026,0.150666667,0.026,0.150666667,0.974,0.967320261,0.8131868131870.880794701987,0.834437086,0.874172185,0.841059603,0.846666667,0.853333333,0.865771812,0.838926174,0.852348993,0.845637584
0.5,3000,poly,8,10,0.35662508,0.012311935,0.012040138,0,0.2,0,0.2,1,1,1.00.807947019868,0.814569536,0.880794702,0.794701987,0.773333333,0.78,0.805369128,0.852348993,0.805369128,0.832214765
0.5,3000,poly,8,100,0.399504185,0.012371063,0.013389826,0,0.2,0,0.2,1,1,1.00.807947019868,0.814569536,0.880794702,0.794701987,0.773333333,0.78,0.805369128,0.852348993,0.805369128,0.832214765
0.2,5000,linear,1,0.1,0.425322056,0.070049047,0.018131971,0.1045,0.119,0.1045,0.119,0.8955,0.682539683,0.1853448275860.841584158416,0.871287129,0.87,0.86,0.86,0.87,0.87,0.87,0.878787879,0.878787879
0.2,5000,linear,1,10,0.399521112,0.064743042,0.018730879,0.1045,0.119,0.1045,0.119,0.8955,0.682539683,0.1853448275860.841584158416,0.871287129,0.87,0.86,0.86,0.87,0.87,0.87,0.878787879,0.878787879